Frame,Time_s,Hip_L_X_deg,Hip_L_Y_deg,Hip_L_Z_deg,Hip_R_X_deg,Hip_R_Y_deg,Hip_R_Z_deg,Knee_L_X_deg,Knee_L_Y_deg,Knee_L_Z_deg,Knee_R_X_deg,Knee_R_Y_deg,Knee_R_Z_deg,Ankle_L_X_deg,Ankle_L_Y_deg,Ankle_L_Z_deg,Ankle_R_X_deg,Ankle_R_Y_deg,Ankle_R_Z_deg,Trunk_X_deg,Trunk_Y_deg,Trunk_Z_deg,Neck_X_deg,Neck_Y_deg,Neck_Z_deg
1,0.0,18.81211170075744,0.15179493,-6.961115785552256,15.052205260786728,1.7158713,11.850521643944694,0.049792085719499564,5.543508,9.17257864020653,9.617545827838995,-5.5435038,-17.288501402602698,3.5363633130594825,-0.36402655,5.3361927918206954e-08,-3.210102892211133,7.7984157,-6.597722275677958e-07,14.119379858855053,-1.4353845,1.1969965217385525,18.862334081724544,1.0687112,2.428726903284147
2,0.01,18.80484437948055,0.14593738,-6.959756577907424,15.044669854584912,1.7090791,11.853876120600816,0.053726671552770285,5.542613,9.173838810108396,9.61923715343222,-5.541398,-17.28945079889733,3.5366196585967695,-0.364358,-3.401822817320439e-07,-3.2126511931017827,7.798342,-3.096889808901057e-07,14.110018230823904,-1.445417,1.2006800214135993,18.859917902305654,1.0721337,2.421051264760934
3,0.02,18.798497426194313,0.14064996,-6.958534827819637,15.037935288063279,1.703004,11.856830177416846,0.05694415422425578,5.5419173,9.174697706396525,9.620660394100522,-5.539452,-17.290591440488722,3.536853379132431,-0.3646293,-1.3340481979551738e-08,-3.2152528548453225,7.7982936,-1.7504157244997013e-07,14.100936640548726,-1.4544365,1.203684771039876,18.8580617983987,1.0752381,2.413918839720148
4,0.03,18.79315451071607,0.1361354,-6.9575632334102036,15.032162070667326,1.697805,11.859456385152717,0.05944647139992664,5.541434,9.175455003620751,9.621727611158336,-5.5377336,-17.29192845001875,3.5370625536757627,-0.36484447,2.6680967139658156e-08,-3.217806918708084,7.7982554,-4.5780100040762387e-07,14.092368168234945,-1.462294,1.2060081025747382,18.856314977518473,1.0781449,2.407261753156913
5,0.04,18.78859023680321,0.13233994,-6.956620667304741,15.027112853323393,1.693535,11.861663390028276,0.06144765012567426,5.541104,9.175758947038815,9.622682983868492,-5.536188,-17.29326375200149,3.537137899200044,-0.36502334,2.0677750328373743e-07,-3.220467917720039,7.798274,-2.827594534020912e-07,14.084148889342481,-1.468952,1.207681072034568,18.854755986840416,1.0808045,2.4009645321855726
6,0.05,18.784691906334427,0.1291833,-6.955686212048919,15.022866183206938,1.6899736,11.8636851260226,0.06313745493459129,5.5408974,9.175927994220773,9.623419790525206,-5.534779,-17.294718582294703,3.537107163348779,-0.36520904,1.267345955036536e-07,-3.2232209108423775,7.7983785,-1.8850633619397738e-07,14.076497369924773,-1.4746029,1.2089013280184733,18.853123571628785,1.0832877,2.395264739323197
7,0.06,18.781396340059896,0.12657759,-6.954740657735695,15.019316192385824,1.6869104,11.865669295976488,0.06458794965850663,5.5407305,9.175973244224025,9.623953399054114,-5.53347,-17.29611023333809,3.5370064180585215,-0.3654669,-1.8009651706075118e-07,-3.226030679912191,7.7985992,3.231538973007377e-07,14.06942385526558,-1.479428,1.2096412296046561,18.851540675288632,1.0856079,2.3901952448551667
8,0.07,18.77847301909513,0.12447025,-6.953807483140342,15.016198211029714,1.6843586,11.867515154599685,0.0659674677779707,5.5405717,9.17590408855868,9.624596290609741,-5.5322185,-17.297317469273892,3.536822216394343,-0.36582014,7.337266758544664e-08,-3.2290850551316566,7.798899,-3.096893880011049e-07,14.062834430263809,-1.4835167,1.2099227614645074,18.850174637454632,1.0880175,2.385737692648087
9,0.08,18.77585534909572,0.12277871,-6.95277057504697,15.013484918381925,1.6821611,11.869343937749957,0.06736003262596656,5.540356,9.175926286673482,9.625258818959233,-5.5309615,-17.298441035392358,3.5365630960927055,-0.36625856,-4.66916972652338e-08,-3.2322724055965253,7.7992415,-3.09689617001042e-07,14.056816179831381,-1.486975,1.209757983150781,18.84907668454555,1.0905784,2.3820820473382494
10,0.09,18.77346478288622,0.1214575,-6.951614565529945,15.011015804996966,1.680287,11.871194065241383,0.06880687213145888,5.5400777,9.17591091874785,9.626222729405852,-5.5296955,-17.299255535450882,3.536259579561463,-0.36675483,2.6680970320212838e-08,-3.235738086270072,7.799548,3.0968987144541653e-07,14.051426306802595,-1.4898438,1.2091322737897843,18.848364637324575,1.0934391,2.379348477566363
11,0.1,18.771087877055052,0.12038879,-6.950184921559297,15.008623531240168,1.6787295,11.872908442723057,0.070399093280652,5.539745,9.175864814970952,9.627344587977026,-5.5284343,-17.299508252450174,3.5358755948640614,-0.36727864,-9.338340089157696e-08,-3.239326283461856,7.7997847,2.8276047117958924e-07,14.046490641353616,-1.4922059,1.2080758356242538,18.847927505217697,1.0965964,2.377366868933413
12,0.11,18.768702433487427,0.11949829,-6.948381751618413,15.00623638012525,1.6774603,11.874574155106894,0.07216028157052358,5.5393543,9.17553013570162,9.628871135256523,-5.52715,-17.299439950558472,3.535450842475051,-0.36776465,9.338341361379569e-08,-3.2431588733598793,7.7998376,-1.481126429062357e-07,14.042040773109353,-1.494099,1.2065341338625348,18.8478130995491,1.1000332,2.3763389254633265
13,0.12,18.7660659804678,0.118648574,-6.946052657111439,15.003693842206712,1.6763933,11.876255235416362,0.0741858728864687,5.5389266,9.17497945169979,9.630692234443979,-5.5257845,-17.299091610910803,3.5349746502238544,-0.36817256,-6.003219991839096e-08,-3.2471513323731633,7.7996974,-3.7701389372095246e-07,14.03799388602612,-1.4956015,1.2045853955149657,18.847947995785205,1.1038067,2.3760926117663828
14,0.13,18.76294287646981,0.11766545,-6.942920588490165,15.000849068417402,1.6753558,11.878156589326565,0.07674627335051112,5.538408,9.174194833718882,9.632950465738313,-5.524323,-17.298318091987298,3.5344438164592975,-0.3684577,-2.668097350076752e-08,-3.251284664038079,7.7993755,-2.154363471263035e-07,14.034383277276122,-1.4967182,1.2023650504261827,18.84829804298017,1.1075025,2.3768953724372706
15,0.14,18.759227253561324,0.11647251,-6.938643182522445,14.99763546441291,1.6742901,11.880419089489132,0.07984405095369619,5.537694,9.1729269798542,9.635603140457217,-5.522745,-17.29730893153743,3.5338865157117065,-0.36856037,1.3340489294827506e-07,-3.25550614783197,7.7989383,8.078853793627806e-08,14.031155159119644,-1.4974777,1.199992200019838,18.84872151470871,1.1112562,2.378751689787633
16,0.15,18.754826904188544,0.11501086,-6.933359177425793,14.994017171700097,1.673097,11.883060665150634,0.08359155697178534,5.5368037,9.171374819365314,9.638655381242566,-5.521005,-17.296175120135207,3.5332779885453407,-0.3685115,-1.4674537333754944e-07,-3.25982176017036,7.798432,-2.692947977969431e-08,14.028312946651273,-1.4978687,1.1975004616332525,18.849303788335455,1.1148831,2.381586004849777
17,0.16,18.749927951006352,0.11334621,-6.927402398695897,14.990042001603149,1.6718546,11.885736391757986,0.0878442435244042,5.535679,9.169778262646824,9.642069622053926,-5.519206,-17.294721997389285,3.5326199425074924,-0.3683113,-2.0010730125575642e-08,-3.264192654352345,7.7979555,-5.3858902309404355e-08,14.025728573824068,-1.4980476,1.1947605952807254,18.850002175178087,1.1184447,2.3851599013329863
18,0.17,18.744907761966395,0.1115917,-6.92117668126743,14.985909737155291,1.6706426,11.88816367023428,0.09217236898279732,5.534377,9.167937526665504,9.645687914766741,-5.517408,-17.29308104444119,3.5319817467069194,-0.36804256,4.0021460251151283e-08,-3.2686258740105063,7.797506,-1.615765288171509e-07,14.023253484023586,-1.498117,1.1914952312489304,18.85119745828284,1.122197,2.389248196438062
19,0.18,18.740189808797208,0.10995544,-6.915391937927252,14.981806501011407,1.6696814,11.889703877892117,0.0962259728633875,5.532967,9.166017389735085,9.649539287684982,-5.5157104,-17.29104735561582,3.5313753539746693,-0.36778408,1.1339414055881664e-07,-3.27321234603817,7.797113,-5.385878780943582e-08,14.020891092344408,-1.4982015,1.1875161124488691,18.85302624143311,1.1264557,2.3935665835408027
20,0.19,18.735871421694466,0.10850167,-6.910311984732055,14.977655453543331,1.6691062,11.890170892076616,0.09976231664637482,5.5314703,9.164133965071454,9.653561415332472,-5.514222,-17.28862605355505,3.5307702419028884,-0.3675576,-7.337268030766536e-08,-3.277969359351672,7.7967606,-5.924461951817012e-07,14.018281960081463,-1.4984897,1.182909896905636,18.85591882654661,1.1315688,2.397789774881986
21,0.2,18.73221214784663,0.10733648,-6.9061101377320275,14.973745170243498,1.6689918,11.889341024092461,0.10263686579159816,5.529951,9.162372630039238,9.65761171751029,-5.5129914,-17.28578127976574,3.530183485964502,-0.3674003,1.200643871145632e-07,-3.2828382170128334,7.7964597,3.3661693082299827e-07,14.015664290082055,-1.4990355,1.1778194849832724,18.85972324191431,1.1374916,2.4016654803491453
22,0.21,18.729027572146116,0.10638132,-6.902656196446117,14.969884405815149,1.6692374,11.887570297550134,0.10495385405507292,5.5284233,9.160822177097645,9.66184387347476,-5.511985,-17.282618902180023,3.5296054812059894,-0.36729762,-1.200643871145632e-07,-3.287882738601711,7.796186,1.4811134523992568e-07,14.012879280447983,-1.4998181,1.1725920423906855,18.864395091306598,1.1437881,2.405043649223951
23,0.22,18.72596252475607,0.105466284,-6.899495099520871,14.965898990434447,1.6697189,11.885279622857242,0.10682887438437365,5.526905,9.159395521334758,9.66618275114501,-5.5111814,-17.279142335892487,3.529157036598296,-0.3672355,-1.4674534789311199e-07,-3.292955861607738,7.7959476,4.443338194420587e-07,14.009973034956142,-1.5007911,1.16768711279297,18.869365761475073,1.1499548,2.40782951263167
24,0.23,18.722834298116204,0.1044853,-6.896325891745985,14.961773556175759,1.6702536,11.88281563211416,0.10858873532302958,5.525429,9.158173771246972,9.67063774203115,-5.5104833,-17.275361826186884,3.5287322842092856,-0.36718664,2.0010730761686575e-07,-3.298054811266564,7.7957425,-6.597680037911788e-07,14.007013855498235,-1.5018523,1.1635115193325651,18.87461476185223,1.1555845,2.409995749815622
25,0.24,18.71943969409871,0.103370264,-6.892915492916033,14.957506395491793,1.6707608,11.880536056478668,0.11027158988085758,5.523976,9.157149242871471,9.674993695174328,-5.5098777,-17.271528382515214,3.5284618514068358,-0.36713776,2.0010730761686575e-07,-3.302978096997674,7.795594,-1.4811114168442605e-07,14.00390355810494,-1.5029178,1.1602380444511307,18.880119894323258,1.1603727,2.4119052145754636
26,0.25,18.715734316473977,0.10208384,-6.8890803416970705,14.953078725362333,1.671174,11.87865433936233,0.11193926327603818,5.5226135,9.156284370167818,9.679219020949626,-5.5093026,-17.267672740728745,3.528292804224878,-0.36708674,-3.3351213695404716e-08,-3.307736177528234,7.7955003,-1.2118181775191115e-07,14.000617383340517,-1.5039403,1.1580044658708308,18.88590506455026,1.16447,2.413853952923033
27,0.26,18.711426174654992,0.10059422,-6.884721827232956,14.94833686653105,1.6715188,11.877226829825796,0.113778465132836,5.5212765,9.155561223889443,9.683316280677987,-5.508765,-17.263636098929265,3.5282554516278544,-0.36700433,2.9349069578622397e-07,-3.3122827356379356,7.7954583,4.0393935009897474e-08,13.996869317033473,-1.5048771,1.156758169790715,18.892265678214834,1.1678853,2.4160758988374025
28,0.27,18.706767985641044,0.098925516,-6.879966308023334,14.94364964921313,1.6716859,11.876350004291096,0.11573155238991586,5.5200763,9.154908940823706,9.687007997924379,-5.5082207,-17.259748013744236,3.528284479931827,-0.3669734,2.868204365082587e-07,-3.3166623809997944,7.795389,-1.4811107807333242e-07,13.992756689379478,-1.5057081,1.1564066284918708,18.899141971161743,1.17077,2.4187923931363637
29,0.28,18.701763164526717,0.097192355,-6.874964902003593,14.938960724347917,1.6717987,11.876035815589276,0.11778629207175255,5.5189853,9.154545233250403,9.690248068911904,-5.507724,-17.256078494612648,3.52835726413517,-0.3669975,-2.001073171585298e-08,-3.3208315711578527,7.7953176,1.4811103990667625e-07,13.988134358858673,-1.5064193,1.156709397971173,18.90658175471518,1.1732463,2.421966723553127
30,0.29,18.696734437750294,0.095545426,-6.869926783717062,14.934538176860332,1.6719671,11.876045207099384,0.11978703057046382,5.5180492,9.154313006818622,9.693020271941283,-5.507285,-17.252639494365546,3.5284603573029547,-0.36709398,2.668097350076752e-08,-3.3248532719185206,7.7952304,4.039391465434751e-07,13.983110754724128,-1.5069015,1.157381744717596,18.91467723642894,1.1756073,2.4255877910302917
31,0.3,18.69182865437893,0.09404641,-6.86500862062783,14.930537393553998,1.6721622,11.876379886368715,0.12173779663044293,5.5172415,9.154369355879275,9.695174342850775,-5.5069246,-17.24936100356394,3.5285265247605393,-0.36719966,-1.2673462094809105e-07,-3.328655339408691,7.7952175,5.251208752398551e-07,13.977728565658158,-1.5071977,1.1583580348820848,18.92317228420914,1.177867,2.4294451403640562
32,0.31,18.68728999367546,0.09280843,-6.860383301899262,14.926987402732884,1.6725157,11.876835801495814,0.1235297341117928,5.5166497,9.154568285138852,9.697035569399604,-5.506597,-17.246364258065597,3.528604645049171,-0.3672609,-1.2006437439234449e-07,-3.332336171041093,7.795296,1.2118176686303624e-07,13.972230263376298,-1.5072429,1.159414152882498,18.931974690501995,1.1801491,2.433467054568136
33,0.32,18.68321237074096,0.09196512,-6.856181028012411,14.924019685538514,1.6730855,11.877412098707033,0.12516815241937607,5.5162,9.154911502144644,9.698436611953102,-5.5063767,-17.243563880505892,3.528609554247637,-0.3672244,-3.3351213695404716e-08,-3.335810602894514,7.795497,-2.019696877717061e-07,13.96662438561501,-1.5069487,1.160472725482144,18.940896625105324,1.1825953,2.4376257859990274
34,0.33,18.67968628558194,0.09144026,-6.8523172753763,14.921623996687131,1.6737709,11.878046452526199,0.12657393074856896,5.515881,9.155138605934548,9.69952602712572,-5.506173,-17.241023050134647,3.5286366615609057,-0.36706945,6.00321935572816e-08,-3.3390854651581234,7.795816,-4.039396681544429e-08,13.961163649373585,-1.5064024,1.1614637432420307,18.94977587102634,1.1851763,2.4416545303922774
35,0.34,18.676646851401287,0.09124837,-6.848947003907722,14.919629581449488,1.6745294,11.878824240317934,0.12779769520855164,5.515724,9.155437426710735,9.70049164511963,-5.5059376,-17.23882885186378,3.5286279103810316,-0.36686242,-3.7353362901074527e-07,-3.342248909960897,7.7962685,3.366167527119361e-07,13.955753285777288,-1.5055921,1.1623330982573263,18.95834775843471,1.1879492,2.4455379198222524
36,0.35,18.673984785172273,0.091386475,-6.8459114117084745,14.918033024730997,1.6753857,11.879653254528444,0.12896699157794608,5.515585,9.155710634277536,9.701212230077067,-5.5056977,-17.23675588945068,3.528506461079852,-0.36655933,-1.0005364744732352e-07,-3.345140641300751,7.796805,0.0,13.950478672190746,-1.5045512,1.1630200658774414,18.96661057978313,1.1910422,2.4490563210184555
37,0.36,18.67169667180032,0.09180824,-6.843193423305632,14.91680700577498,1.6762913,11.880548009309715,0.13005608658544576,5.5154495,9.155848945608229,9.701804748987566,-5.505451,-17.23491856856395,3.5282454197875106,-0.3662086,-6.003218719617224e-08,-3.347899824282025,7.797401,9.425295181927036e-08,13.945345785029481,-1.5033203,1.1633813188515116,18.974492618085325,1.1943833,2.4523132540354937
38,0.37,18.669777388643546,0.09254099,-6.840866890119597,14.915939571750389,1.6772702,11.881363363141885,0.13106778167582747,5.515306,9.156007747506433,9.702217975432351,-5.505211,-17.23310344579202,3.5278292051349633,-0.36585686,1.2006436167012574e-07,-3.3504777938068813,7.79799,2.6929454335256856e-08,13.940327303536815,-1.5018523,1.1633642433785867,18.981874345030818,1.1980863,2.4550656068275973
39,0.38,18.66820473758715,0.09347203,-6.838758922987001,14.915432430204515,1.6783038,11.882100169798601,0.13206764399708062,5.515151,9.15606751166167,9.70248008394175,-5.505012,-17.231298568303842,3.5271912227778017,-0.36556593,-1.6675606211591424e-07,-3.353023106489769,7.798519,1.0771794456321469e-07,13.93540871356076,-1.5001647,1.1629000039584374,18.988846260626108,1.202048,2.45727431925045
40,0.39,18.666999209198643,0.09454415,-6.837030031353342,14.915261675475264,1.6793531,11.882602188702597,0.13296653424445135,5.5149736,9.156136667327015,9.702438249033085,-5.5048876,-17.229447587038766,3.526361781680468,-0.36533967,-1.0672386855863262e-07,-3.3555073743569497,7.7989793,2.1543611812636644e-07,13.93049097735835,-1.4982828,1.1618956459853282,18.995246147878408,1.2061932,2.4588616979022433
41,0.4,18.666101039322786,0.095740296,-6.835559833134496,14.915405109447835,1.6804297,11.882985533069764,0.1338132909385478,5.5147834,9.156301445640743,9.702255541472786,-5.5048203,-17.22781858692172,3.5253684160430545,-0.3651879,2.6013945028527245e-07,-3.358148950018452,7.799331,1.8850676874941408e-07,13.925510061906119,-1.4961822,1.1604433770130542,19.00101765772707,1.210488,2.459813228630991
42,0.41,18.66555803928377,0.09691018,-6.834311616063677,14.915799552872404,1.6814475,11.883254471768334,0.13443683918500235,5.5146203,9.156229728654457,9.701845730122585,-5.5048428,-17.226321067946195,3.5243101636085257,-0.36511898,-7.337266122433728e-08,-3.3608607485623585,7.7996097,-2.692955547689573e-07,13.92042583984269,-1.4939326,1.1586561086063323,19.00607370526017,1.2146803,2.4599538878392107
43,0.42,18.665194331710467,0.09809479,-6.8333967976017185,14.916313524607446,1.682399,11.883530240656071,0.13494694225821124,5.514436,9.156373162627027,9.701382131032672,-5.504893,-17.22532898296925,3.523221388766143,-0.36512068,-3.33512098787391e-07,-3.363729854900587,7.799828,-9.425349887467557e-08,13.915244287583588,-1.4914725,1.1566961644796558,19.010318667829335,1.2188592,2.4593647840232973
44,0.43,18.664769152434634,0.09917396,-6.832660844718649,14.916687477464505,1.683298,11.88373343878388,0.13543067172987888,5.5142765,9.156528549430645,9.700921947037342,-5.504944,-17.22454521876199,3.522045529011843,-0.36520115,-3.0016087873087695e-07,-3.3667199836531716,7.8000345,-5.65521247692428e-07,13.909792942852272,-1.4888046,1.154775600662413,19.013527149191948,1.2228575,2.4580623523259404
45,0.44,18.66448569958408,0.1002747,-6.832244203179279,14.91702557182842,1.6841594,11.884028844465483,0.1356984765103242,5.5141134,9.156929823044383,9.700531772481005,-5.5050592,-17.22418321873598,3.520930287186427,-0.3653651,1.6008580283794893e-07,-3.369805948497548,7.8002086,-2.2890156887018491e-07,13.904275857550195,-1.4858431,1.1528586653831665,19.015649630476528,1.226535,2.456284582151033
46,0.45,18.66411003917973,0.10136774,-6.832199380062851,14.917083628436366,1.685037,11.884213259573073,0.13581636397457303,5.5139513,9.15760686554586,9.700284178123592,-5.505175,-17.22408930363489,3.5198660583363743,-0.36557958,8.671314161361167e-08,-3.3729747293856107,7.8003507,-3.635496643101317e-07,13.898436045809834,-1.4825934,1.1510219848266678,19.016778319236874,1.2298443,2.4542129003984035
47,0.46,18.663785605194153,0.10255811,-6.832502896594093,14.916988005787985,1.6860666,11.884223504856829,0.13567307674434823,5.513742,9.1584068514524,9.700149281887484,-5.5053887,-17.22423786024934,3.5188718389253144,-0.36576784,-1.0005364108621416e-07,-3.376215654146782,7.800453,-8.078883690841811e-08,13.89242377179293,-1.478956,1.149118923369173,19.01696444189176,1.2328329,2.452033856609758
48,0.47,18.663468001397746,0.10373461,-6.833100538146469,14.916648203876777,1.6871822,11.883957981252845,0.13530441995193943,5.51353,9.159288799628976,9.700201362079905,-5.5056353,-17.224526435741772,3.5179523247083018,-0.3659608,9.338338816935823e-08,-3.3795462251408095,7.8004656,-5.385922672598186e-08,13.886127191151825,-1.4749696,1.147192489858112,19.01651706450112,1.2352791,2.449924822260105
49,0.48,18.663309199499544,0.104943775,-6.834085792934244,14.916260590641379,1.6883866,11.883409858571952,0.13463680898121036,5.5132914,9.160242464791839,9.700273932839837,-5.505985,-17.22503016219306,3.517051166624683,-0.36610144,2.334584640622862e-07,-3.382967082697928,7.8004007,-2.019720541043891e-07,13.879536058602762,-1.4706672,1.145132334049707,19.015600111605046,1.2372419,2.4481637006712993
50,0.49,18.663220407040335,0.106168516,-6.835271684528887,14.915847364196594,1.6897203,11.882632924553862,0.13370762310961093,5.5130105,9.161249917694416,9.700325159258611,-5.506423,-17.22576611507613,3.516154704296119,-0.36619493,2.6013945028527245e-07,-3.3864897527623623,7.800266,9.425358793020665e-08,13.872650374145744,-1.4660207,1.1429983268209012,19.014558507756618,1.2386496,2.446947500112214
51,0.5,18.663420190073555,0.10739453,-6.836868241247378,14.915630505690446,1.6910702,11.881620349009408,0.13257018316939226,5.512775,9.162096007377851,9.700224413968353,-5.50698,-17.22649523777003,3.5151214247407427,-0.36628783,6.6702425800532095e-09,-3.390045719999,7.80007,3.2315501685598557e-07,13.865650284020127,-1.4610937,1.140648101416182,19.013545932212164,1.2396208,2.446161814914251
52,0.51,18.663922208977553,0.10866389,-6.838862656485021,14.915659533994418,1.6924839,11.880441287603935,0.1311079090372013,5.512539,9.16288660177428,9.699895711114547,-5.5076795,-17.227514643503653,3.5140488715976392,-0.36637446,1.734263213938795e-07,-3.393594857046468,7.7998605,-9.021406720702965e-07,13.858433335388362,-1.4559221,1.1380833653828424,19.012844130274946,1.2401489,2.4457532842245198
53,0.52,18.664830624137164,0.11002758,-6.8413462840219665,14.91606251515545,1.6939803,11.879047929013252,0.12923563679182443,5.5123796,9.163543153708249,9.699132437474798,-5.5085835,-17.228498190744137,3.512932135668342,-0.36647886,1.3340484205940015e-07,-3.39707633253247,7.7996564,5.655207388036789e-07,13.850920127301348,-1.450503,1.1351872584530511,19.01261361139046,1.2401705,2.445536425718372
54,0.53,18.666319605376227,0.11153727,-6.8445201875519075,14.91695726993672,1.6955471,11.877462471352162,0.12687788750684775,5.5122967,9.164049441480476,9.698000333619868,-5.5096893,-17.229693473848886,3.5118531792228915,-0.36653435,-1.0005363472510479e-07,-3.4005208823082724,7.799543,1.615773303169306e-07,13.843288244677504,-1.4449214,1.1316794227057208,19.01289364914643,1.2398943,2.4455140141601577
55,0.54,18.668500143268755,0.113370754,-6.848528654821059,14.91834892098011,1.6973606,11.875518428759648,0.12384342922572415,5.5122957,9.164501941512988,9.696445611810045,-5.511023,-17.23110561545979,3.510853410283131,-0.36656913,1.5341558172663983e-07,-3.4039325617986935,7.79956,6.732388233112995e-08,13.835356687503827,-1.4391927,1.127315145269494,19.01386865865045,1.2395681,2.4455701497773985
56,0.55,18.671459322726662,0.11557178,-6.853515546688814,14.920273326778762,1.6994205,11.873322522941487,0.12001382753546262,5.5123844,9.165024450984495,9.694446073930523,-5.512631,-17.232855851434604,3.509958015171625,-0.3665386,1.0672388128085135e-07,-3.4072772200578845,7.7997603,-4.308731013636062e-07,13.827092158608112,-1.4334352,1.1219136395747775,19.015565960659195,1.2393541,2.4457172122879656
57,0.56,18.67518348337161,0.118179634,-6.859489827778459,14.922595591096567,1.7018627,11.870733881246053,0.11523024051722072,5.5126433,9.165412064219893,9.692142592632937,-5.5144887,-17.234951011962504,3.509202425494692,-0.36648825,-1.0672389400307008e-07,-3.4106474915264626,7.8001227,-6.867046048328049e-07,13.818349516470496,-1.427634,1.1153234675210673,19.018065809895422,1.2393072,2.445959257116678
58,0.57,18.679640181805045,0.12127692,-6.866567611305885,14.925192770528463,1.704764,11.867609069700773,0.10957306296598494,5.5129375,9.165811630286338,9.689637620754834,-5.51665,-17.237297181942406,3.5085322131823844,-0.36632922,-1.0672388128085135e-07,-3.414017762995041,7.8006186,9.425367698573774e-08,13.80917401109423,-1.4219266,1.1074276621188268,19.02101132897499,1.2396737,2.446147514205676
59,0.58,18.68437691799445,0.12480152,-6.874604609524875,14.927704572595735,1.7082477,11.86393101283272,0.10326571677280873,5.513317,9.166136918045561,9.687093375289004,-5.5190487,-17.23996778590788,3.507904902995801,-0.36607948,1.2006437439234449e-07,-3.417454842251438,7.801154,-5.385931578151294e-08,13.799365005672446,-1.4162295,1.0985184273984856,19.024378612235807,1.2403804,2.4460913785884353
60,0.59,18.689347588162924,0.12854256,-6.883226015804723,14.93022491239947,1.7120149,11.859940474810141,0.0965502867870441,5.513726,9.166351215230769,9.684408257171544,-5.5216517,-17.242897937061816,3.507294668282143,-0.3657764,-2.0010725354743617e-08,-3.4209393059452022,7.801728,3.0969147444497596e-07,13.78920083041382,-1.4106541,1.0889796413357398,19.027756140780376,1.2412933,2.445721481156197
61,0.6,18.693840145089503,0.13229725,-6.891826504630239,14.932275676697767,1.7159594,11.856042144341355,0.0899189268250088,5.5140786,9.166256446356035,9.681770950378272,-5.524334,-17.24608080521504,3.5066524170567503,-0.3655004,1.267345955036536e-07,-3.424491431200432,7.802295,-3.5008647812124643e-07,13.778672093808245,-1.4051837,1.0793921901751573,19.031157574987045,1.2423121,2.4448903325115707
62,0.61,18.697501126484628,0.13581887,-6.899884847190385,14.933739044727442,1.7198403,11.8524562950271,0.08391389654388498,5.5143347,9.165683564239401,9.679274516236632,-5.5269566,-17.249232937517,3.5058835938883006,-0.36527073,-1.800965297829699e-07,-3.4281248783954674,7.8028383,3.3662204515492604e-07,13.76796833360519,-1.3998104,1.0703446441241236,19.034582914855804,1.2432041,2.4436258937414723
63,0.62,18.700023173835657,0.13893706,-6.906961776944164,14.93440669571881,1.7235495,11.84935624291756,0.07881762159781006,5.514484,9.16468635662058,9.677082025513059,-5.5293856,-17.252487522656512,3.504995669296199,-0.3651414,-4.0021450709487233e-08,-3.4318447701721855,7.8033304,-4.0394691981911664e-08,13.757275672459533,-1.3944772,1.062113305678906,19.037830669806144,1.2438835,2.4420015893794784
64,0.63,18.701387504122366,0.14159508,-6.9128916618042044,14.934312780617722,1.7270354,11.846736011597214,0.07481581776516355,5.5144725,9.163072724429163,9.675324105575426,-5.531574,-17.255537202120923,3.503962816627646,-0.36502144,-2.3345843861784875e-07,-3.4356276277553146,7.803766,6.732455660872243e-08,13.746766572647823,-1.3891778,1.0548372332221385,19.041109160607753,1.2442216,2.440135453632184
65,0.64,18.701686324898553,0.14385054,-6.9176962729984846,14.93354779943068,1.7303228,11.844582794461367,0.0719228457854797,5.5143065,9.161067210134119,9.673934162079329,-5.5335674,-17.258387098552113,3.50273829177551,-0.3649102,4.0021447528932555e-08,-3.4394228650563146,7.80416,-5.385970126474034e-07,13.73654263323396,-1.383844,1.048456128990054,19.04426641555159,1.2442212,2.4382844723671107
66,0.65,18.701032334285525,0.14574978,-6.921532277991093,14.93216297857646,1.7334739,11.842759133952974,0.06998495970136707,5.5140266,9.15864590807335,9.672969397859065,-5.535331,-17.261180645922646,3.501441836493677,-0.3647849,3.8020376106652333e-07,-3.4432059360828555,7.8044996,-1.3464934221738193e-07,13.726723382528421,-1.378369,1.0427942223332307,19.04710948179361,1.2438358,2.4365886644622434
67,0.66,18.699440900208913,0.14739606,-6.924519205092505,14.93011562937275,1.7366472,11.84116769987636,0.06896419326599396,5.5136266,9.155936030520147,9.672449449708497,-5.5369315,-17.263893938570433,3.5000328965339498,-0.36463636,-1.5341555628220237e-07,-3.4469420495588525,7.8048115,-2.2890408786949263e-07,13.717188438447083,-1.3726435,1.0377478864753549,19.049551274421887,1.2429043,2.4350715086928543
68,0.67,18.697238164201583,0.14896616,-6.926933676964104,14.927663591460716,1.740061,11.839615539387475,0.06855307457489737,5.513219,9.15322017655142,9.672336751587192,-5.5385275,-17.266537221779227,3.4986367631789173,-0.36453262,2.6680967139658156e-08,-3.450602177180333,7.8050866,3.50088819009492e-07,13.708058183074069,-1.3665009,1.0330551196287332,19.051699368915855,1.2415107,2.4338800675695103
69,0.68,18.694393390412273,0.15061224,-6.9288747313488575,14.924811987482235,1.743888,11.838073624182345,0.06866238428204402,5.5127525,9.15027294992456,9.672453718576728,-5.5402255,-17.268970476671047,3.4971725413755954,-0.36444062,2.0677747783929997e-07,-3.454071699835288,7.805291,2.0197442043707212e-07,13.699153323943664,-1.3598084,1.0286036505588831,19.053423991681285,1.2395529,2.432709117013676
70,0.69,18.691005616583947,0.152409,-6.930517391844245,14.921564232531894,1.7483013,11.836323388207528,0.06897261761064409,5.5123205,9.147347067638856,9.672744001616454,-5.542095,-17.27112881644877,3.4957990330221884,-0.36440754,4.669168772356975e-08,-3.457320095115864,7.8053718,-2.5583430235731833e-07,13.69028688462734,-1.3524263,1.0242877180553756,19.05500347292685,1.2366971,2.4316527855698515
71,0.7,18.687322437074016,0.15448433,-6.931914165529513,14.918135477568548,1.7533184,11.834474968263395,0.06941109040895378,5.511887,9.144429723089614,9.67312307711539,-5.5442233,-17.272913203369438,3.494447936226995,-0.36439943,-2.6680963959103477e-08,-3.4603187616049107,7.8053527,4.982036119706924e-07,13.681672308536664,-1.3443027,1.0200031617333676,19.056350727740636,1.233084,2.4307753197049164
72,0.71,18.683261889612442,0.15678783,-6.9331243896730745,14.91454962825429,1.7589182,11.832499336045968,0.06989309232300908,5.5114646,9.141381751172496,9.673359572415402,-5.5465865,-17.274453411027274,3.493143156652111,-0.36436975,2.1344771167282781e-07,-3.463027998827879,7.8052015,-2.55834226024006e-07,13.673082491881726,-1.3354167,1.015599824152825,19.057626265568135,1.2285309,2.430007990640348
73,0.72,18.67930208744113,0.15940186,-6.934269727019521,14.911088429892386,1.7650789,11.830411859480883,0.07008239661874555,5.511105,9.138200590566562,9.673479100725876,-5.549198,-17.275865552638173,3.49194936765124,-0.36435503,2.6680963959103477e-08,-3.465553888160314,7.8049064,-3.366237499322353e-07,13.664666845050624,-1.3257394,1.0109864582553045,19.058935954341486,1.2230798,2.4294084280972674
74,0.73,18.675400341877758,0.16239606,-6.935494038428246,14.90780310890161,1.7718365,11.828078496105677,0.07001695620278167,5.5107946,9.135236288466777,9.673324567695905,-5.552086,-17.27681153383822,3.490869770875555,-0.36432132,4.068847218450721e-07,-3.4678957892719824,7.8045163,3.36623393710111e-07,13.656428783137942,-1.3153092,1.0060545280660265,19.0602080770744,1.2167188,2.42893757193136
75,0.74,18.671802539732454,0.16571982,-6.936720484271086,14.904859297369335,1.7790929,11.825534250639848,0.06957883692012239,5.51054,9.132207953343523,9.672852430869527,-5.555203,-17.277523581059196,3.4899069276459946,-0.36422655,-2.5346916556286975e-07,-3.470120083063879,7.804062,-6.059215183672508e-07,13.648371721238266,-1.3042457,1.000808302453222,19.06159289792862,1.2095972,2.4286295730884744
76,0.75,18.66846940741749,0.16931081,-6.938050663611946,14.902245042464513,1.7866426,11.82268435420866,0.06886002621104466,5.5102954,9.129427212577681,9.672140383648554,-5.5584455,-17.277878750896036,3.489037572630699,-0.3641102,1.1339410239216047e-07,-3.4723548355829426,7.8035684,6.732453116428497e-08,13.640595550868206,-1.2928522,0.9953701912134224,19.063016992370567,1.20189,2.4284904079841354
77,0.76,18.665322397757407,0.17288066,-6.9395016519237505,14.899796419647064,1.7941096,11.819594547382875,0.06799003086551428,5.5100355,9.12696749070283,9.67125758169833,-5.5617523,-17.277856552781234,3.48818828129609,-0.3639448,-2.2678820478432094e-07,-3.4746329171145534,7.8031387,-1.7504360800496626e-07,13.63300977202126,-1.2816995,0.9899977138226785,19.064712586832023,1.1936586,2.428343345473569
78,0.77,18.66205073714497,0.17614359,-6.94094367561227,14.897136060965343,1.8011748,11.8160471178827,0.06718693001918905,5.509593,9.124781830168425,9.670449911828976,-5.5649447,-17.277381854633916,3.4872954475055224,-0.3637115,-2.1344771167282781e-07,-3.477086022243646,7.8028297,-6.732441666431644e-08,13.62547521959309,-1.2713761,0.9850033514355182,19.06642867186099,1.1853209,2.4278654456750792
79,0.78,18.658639057654547,0.17881997,-6.942429241756748,14.894188834338483,1.8073769,11.812240994967711,0.0666728515624398,5.508991,9.12319551873369,9.669916303300068,-5.5679,-17.27652978853496,3.4862762552153095,-0.3634323,2.6680963959103477e-08,-3.479847553102447,7.8027034,-4.174112382854685e-07,13.618135327556265,-1.262382,0.9806253068992459,19.067943266309438,1.177096,2.4271553194448097
80,0.79,18.655090774380728,0.18087353,-6.943945970639313,14.890937664293556,1.8126333,11.808258994681593,0.06655290303524806,5.5082026,9.122002796949877,9.669817265557104,-5.570547,-17.275380609207104,3.485048315268588,-0.3630801,1.1339407694772301e-07,-3.483041520313074,7.802776,-9.425416043004931e-08,13.611072058180826,-1.2547634,0.9770180065221271,19.069143672056068,1.1691005,2.4262225717362798
81,0.8,18.65170983074157,0.18237808,-6.945492581599498,14.8876250225461,1.8168093,11.804285532131939,0.06684099160989847,5.5072613,9.121427353512303,9.670283425967957,-5.5727215,-17.274004326089347,3.4835939118621986,-0.36268887,-8.004288233564638e-08,-3.4868026066682236,7.8030076,-9.290772731119226e-07,13.604631189793505,-1.2483886,0.9742598907579113,19.06976351172325,1.1613737,2.425383952572249
82,0.81,18.648689179581133,0.18340625,-6.946966194912928,14.884435324203704,1.8198818,11.800586984696377,0.06755043748929387,5.5061903,9.12139149501916,9.671420652464764,-5.5743933,-17.272421429749194,3.481858830369604,-0.36231384,1.8009646617187627e-07,-3.4912411624116744,7.8033967,2.154384081257371e-07,13.599027873353155,-1.2430809,0.9723093381413438,19.069729360777398,1.1542053,2.424873609375202
83,0.82,18.64599979259544,0.183923,-6.948175138396021,14.881493220218722,1.8217006,11.797344352387913,0.06905968251224191,5.504933,9.122033532801142,9.673351034678939,-5.575434,-17.270749740949835,3.4796509717203974,-0.36202118,-1.3340480389274397e-08,-3.496531784254084,7.803914,-3.9048260135276476e-07,13.59442347207892,-1.2388254,0.9712085037462082,19.068947304117433,1.1475611,2.4248251577207776
84,0.83,18.643561415061743,0.18369867,-6.948741617210309,14.878699672848187,1.8220484,11.794876946550245,0.0715078984531882,5.503514,9.123115264010943,9.676205199978357,-5.5757604,-17.269064391772133,3.4768727922754947,-0.36188266,2.0010716767245978e-07,-3.502841598386706,7.804546,1.0771949667389924e-07,13.59076334445744,-1.2356719,0.9711107466637123,19.06745832287837,1.1416786,2.4250970846271085
85,0.84,18.64151235831074,0.18280604,-6.948380044071121,14.876411559476232,1.8208739,11.79334783794981,0.07527933014369222,5.501772,9.124520575432673,9.679990832325837,-5.575409,-17.267259514283957,3.473273282582898,-0.3619226,6.003214902951606e-08,-3.5103136118952887,7.80534,-1.2118465480668702e-07,13.5882558112584,-1.2335838,0.9720851158374969,19.06527778498584,1.1365001,2.4257515021269604
86,0.85,18.6400865563215,0.18136232,-6.946870145377725,14.874837200872545,1.8183357,11.792704092620536,0.08036150448439078,5.499747,9.12619055668474,9.684738667572642,-5.5743546,-17.265403410377008,3.468642841212452,-0.36218852,2.6680957597994112e-08,-3.5192020358830023,7.806354,-4.5780985507185703e-07,13.586799273417894,-1.2323098,0.9741345994753239,19.062695973479578,1.1321124,2.426661411390453
87,0.86,18.639391584573453,0.17946137,-6.943861020161512,14.874367625367105,1.8145965,11.793038771889865,0.08712045691579441,5.4974227,9.127903226619122,9.69044955949242,-5.572749,-17.26318872153863,3.4626290730916676,-0.36268887,-3.335119779263131e-08,-3.5297491286219715,7.8076854,1.885105218039382e-07,13.586389462067693,-1.2315452,0.9773434010030547,19.0597299638325,1.1284196,2.4277881791600935
88,0.87,18.63986116007889,0.17721573,-6.939432069371581,14.875479238654526,1.8096607,11.794135017251653,0.0956620486999317,5.4947543,9.129667122972277,9.6970594750617,-5.5706544,-17.260504457194816,3.45480124941601,-0.36339387,0.0,-3.542345918442179,7.809379,4.308829229164626e-07,13.586852207383961,-1.2312955,0.9814962627401282,19.056629057949312,1.1253867,2.429046001184434
89,0.88,18.641841914938194,0.1747594,-6.9337309958487365,14.878609172841683,1.8035228,11.795758040953178,0.10633922185803513,5.4916725,9.131582991034467,9.704581220885176,-5.5682034,-17.257094485251688,3.444512423205032,-0.3643433,-2.934906448973491e-07,-3.5574624077358865,7.811536,-1.4811679034954033e-07,13.587806726320471,-1.2316194,0.9861659776983014,19.053755255856032,1.1230221,2.430451739492987
90,0.89,18.645649745400476,0.17226167,-6.926883731205798,14.884112597765421,1.7962589,11.797491201455069,0.11963387158245421,5.4879966,9.13373193930208,9.713276905472249,-5.5654664,-17.25268218304786,3.4309798974685326,-0.36553562,-1.2006434894790703e-07,-3.5758176873566496,7.814301,-4.443533098811467e-07,13.588858575452653,-1.2325385,0.9909124255629312,19.05143469908552,1.1213682,2.4318320780355642
91,0.9,18.652000113781295,0.16997206,-6.918985471204325,14.892732296497977,1.7879544,11.798883706272104,0.1359585039464607,5.4837003,9.136221543254551,9.723341189214262,-5.5625,-17.246838956212912,3.413241255863775,-0.36708674,9.338340725268632e-08,-3.5982772703383556,7.817888,-5.3861465836477614e-08,13.589540740596007,-1.2338557,0.9953904683375209,19.05006353860964,1.1204021,2.433098437796367
92,0.91,18.661623850321842,0.16805832,-6.909796732336542,14.905323750232895,1.7784815,11.799691376141459,0.15614120601574594,5.4785376,9.138990331189344,9.735245355163949,-5.559271,-17.23930525755839,3.390013490043854,-0.369113,2.2678830656207074e-07,-3.6260795553548926,7.8225784,-2.8277591595312245e-07,13.589656853811897,-1.2354584,0.9995325511823105,19.04997474615043,1.1197524,2.4340303317312504
93,0.92,18.675215926770168,0.16662376,-6.8989162409887115,14.922723657143504,1.7676357,11.799621366702466,0.1813413890617063,5.472162,9.14211172764004,9.749629733555995,-5.555705,-17.229705426679935,3.3596693074390145,-0.37165645,-1.6675616389366404e-07,-3.6607773432253805,7.8287787,2.6931438365267153e-07,13.588668183929538,-1.2372602,1.0034789064186969,19.051678878348348,1.1193671,2.434312290477925
94,0.93,18.69382477716387,0.1658084,-6.885896192883375,14.94633732865153,1.7550503,11.798479017563782,0.21298745641516045,5.464284,9.145547312792557,9.76710306500018,-5.551735,-17.217725274875733,3.320175232667297,-0.3747952,-1.800967333384695e-07,-3.7042826600305996,7.836973,-9.426188917792527e-08,13.58609405638609,-1.2391876,1.00744938076059,19.055628435235906,1.1187317,2.433815607659218
95,0.94,18.718674712911668,0.16580135,-6.870195722415631,14.97780571770507,1.7402958,11.79594416360806,0.2529905537028161,5.454427,9.14969665271334,9.788491802386075,-5.5472116,-17.20287985871471,3.268970798563592,-0.37862232,-9.338352175265485e-08,-3.759006989434388,7.847698,-1.8852865096562254e-07,13.581411961710046,-1.2411445,1.0117126994631473,19.062094916832617,1.1177126,2.4321985603732177
96,0.95,18.75133838506996,0.1667115,-6.8510477139643235,15.019133484825526,1.7227128,11.791574550086544,0.30349078463092183,5.4419856,9.154546940797696,9.81466850238015,-5.541988,-17.184595442306588,3.2029121971189904,-0.38326138,-1.200645906700628e-07,-3.827829683058729,7.861609,3.6360314851765517e-07,13.57383557437321,-1.2432652,1.016494365490685,19.07118248352332,1.1160479,2.429483346734726
97,0.96,18.793897293788312,0.16859043,-6.827622726432119,15.072928054728546,1.7013546,11.784814370355525,0.3668243807205262,5.426298,9.16029454498426,9.846479254665837,-5.5358515,-17.162218035038332,3.1182372747612845,-0.38901168,2.401293848956252e-07,-3.9142687152130025,7.87941,-2.4241248882372957e-07,13.562379639587805,-1.2458574,1.0220155062175826,19.08336071081345,1.1137892,2.425520129468826
98,0.97,18.849078392092842,0.17169818,-6.798907330500915,15.142467918215738,1.675308,11.775002803612802,0.4452712377722383,5.4064803,9.167004352070153,9.884649766842454,-5.5286374,-17.13544881613376,3.010507262303612,-0.39617503,-3.4018355395391653e-07,-4.0224085390208755,7.9019375,-2.1548950055614012e-07,13.545734468580484,-1.2490875,1.028192985435036,19.099119664775962,1.110952,2.420306987584814
99,0.98,18.920624623648727,0.17633654,-6.763547014280936,15.232103905788401,1.6435711,11.761301444137755,0.5407596302465437,5.3817644,9.17434851297521,9.92940287383167,-5.5201416,-17.104014578026067,2.8745830827257737,-0.40508392,-5.803137785159777e-07,-4.156858678398461,7.9301505,-2.6938033563454636e-07,13.522394004639258,-1.2528503,1.034893187567407,19.119012590733625,1.1075712,2.41392182792791
100,0.99,19.01309343217965,0.18302524,-6.719987909736004,15.347259187647524,1.6051476,11.742797607902544,0.654784088911206,5.3512244,9.182158834291117,9.980189599178946,-5.5101643,-17.068417339619256,2.704714997407087,-0.41601852,1.6675706717119358e-07,-4.32247027520376,7.9650903,2.424629451431963e-07,13.490450063664754,-1.2567998,1.0418065129462235,19.14409987555508,1.1038169,2.4063546186577702
101,1.0,19.132239252061353,0.19223773,-6.666623641750694,15.494516358605706,1.5587833,11.718528238234196,0.7872432815065855,5.314173,9.19029188204531,10.03493100405566,-5.498516,-17.029753346275104,2.4949349151168425,-0.42926922,-4.335690412893645e-07,-4.524016351006143,8.007832,2.963746192158755e-07,13.447705886065169,-1.2605368,1.0486427852534659,19.175081613630258,1.0998359,2.397766296106714
102,1.01,19.284625895086215,0.20408434,-6.601448696029963,15.681403994675595,1.5029253,11.687798363384664,0.9360040012166699,5.270231,9.197887052402365,10.089526413638863,-5.4849577,-16.990951041600262,2.2394538236466315,-0.4450758,-2.668122794514204e-07,-4.765504946187937,8.0591755,-2.425189992389024e-07,13.391402075415815,-1.2636261,1.0551706318309997,19.2129737955982,1.0955267,2.3882859935387364
103,1.02,19.477672654240166,0.21877852,-6.522902374348463,15.916283954948579,1.4363364,11.649821657825745,1.094633650586335,5.219653,9.204592590620026,10.136066468869684,-5.4694004,-16.95715697313433,1.9340500257591506,-0.46352717,2.901590774796097e-07,-5.048769112767644,8.119279,-1.078022928733671e-07,13.318052673919048,-1.2653996,1.0611485414586417,19.258507251700088,1.0907059,2.3775615293247587
104,1.03,19.720463681119316,0.2361918,-6.429707858218223,16.208848277856905,1.3579422,11.604105494163559,1.249706052058893,5.1641254,9.208909270175473,10.160911281975606,-5.4522834,-16.93633684899684,1.578489374031916,-0.48444575,3.3184963557760876e-07,-5.371443897745149,8.187107,-5.3910287350838075e-08,13.224011214331727,-1.2650104,1.066365098437239,19.312151557441368,1.0852649,2.365048836208707
105,1.04,20.02268759906133,0.25605503,-6.321847645279497,16.568838520704304,1.2676337,11.550582424280046,1.3782914068169647,5.107589,9.20947019946106,10.142982889177969,-5.4356127,-16.93736650001422,1.1803236030877284,-0.50704086,-7.003886105721149e-08,-5.724334158950319,8.260121,3.2352131497754037e-07,13.104943087851833,-1.2612005,1.0704481641787316,19.373998920375833,1.0789752,2.3498817608264586
106,1.05,20.394429182375738,0.27746,-6.200736011577301,17.00516466526306,1.1663913,11.489557245366921,1.4468420668132687,5.057197,9.20358001507557,10.053511679919032,-5.4237585,-16.96681486062073,0.7575477534294858,-0.5298444,-2.0011172222676365e-07,-6.089667744162785,8.334687,-4.853740177187921e-07,12.95630365736037,-1.2524315,1.0730285883028212,19.444020312199513,1.0715444,2.3310338538118085
107,1.06,20.845496582710673,0.29947227,-6.070086445586004,17.524380278041797,1.0571939,11.421381712166438,1.4120256044059518,5.0232496,9.188888278170873,9.858298043250898,-5.424008,-17.026454364905987,0.3391699586273495,-0.551195,-1.1673225673864518e-08,-6.441152267059403,8.407162,-4.3152391918474606e-07,12.773884672554962,-1.2366099,1.0735465087409786,19.52069943091666,1.0626037,2.3072080195526885
108,1.07,21.383343243997913,0.32064617,-5.935491164688556,18.128537830886103,0.94463205,11.346141202043224,1.2252280414557424,5.0183935,9.164095545257373,9.522167358721646,-5.4455423,-17.114430616510337,-0.03691216988396041,-0.5697101,-1.8010177133708496e-07,-6.746397689935504,8.474537,-1.6184971301985117e-07,12.554342755836888,-1.2115178,1.0711191235429796,19.601299078217394,1.0524411,2.277669158939676
109,1.08,22.01128180798491,0.3389326,-5.803487940581128,18.81380046502973,0.83457077,11.263547993278491,0.8387519791934731,5.0559773,9.129738839958563,9.013678558034414,-5.498456,-17.225047237665986,-0.32735477189985884,-0.5844406,-3.468635838958633e-07,-6.970056930062626,8.534635,-4.316669678120995e-07,12.29596950614,-1.1753598,1.0647852970265563,19.68052756504225,1.041542,2.24194193349522
110,1.09,22.727118076400807,0.35186026,-5.679936648684768,19.570303679763878,0.73389864,11.171874048012226,0.21255794157002977,5.148129,9.087580351080305,8.308956714945422,-5.5925317,-17.34747325589659,-0.4880956167337191,-0.59532136,-2.9016526047791046e-07,-7.07730370663652,8.58662,2.158629231201814e-07,11.999687852775894,-1.1266772,1.0532131423035564,19.751522258822657,1.031505,2.1998184493364588
111,1.1,23.522020614648767,0.35565662,-5.566565326859488,20.38262832303725,0.6501655,11.066730969702697,-0.6779460607995126,5.3037705,9.037013899333761,7.395360003074626,-5.735615,-17.464004820873466,-0.48140864809286504,-0.6037185,4.169047667579922e-07,-7.0379221165426955,8.631626,-1.619164665015057e-07,11.669548951696035,-1.0647644,1.0347543426281853,19.805147781543717,1.0239464,2.1513717041101468
112,1.11,24.379904327233415,0.34461924,-5.457918788392564,21.231187119857537,0.5912069,10.940649946492492,-1.8363512133146997,5.526797,8.972986852280416,6.273931733817743,-5.931352,-17.552974865002053,-0.28258242832317565,-0.6125968,-2.5347852911585195e-07,-6.831220528577423,8.672769,-2.1591220899552536e-07,11.312721086434351,-0.98947865,1.0080794657115237,19.83075074564751,1.0205736,2.09560555741452
113,1.12,25.27899286353346,0.31105366,-5.340118088890531,22.094833804554387,0.56439614,10.784236053178262,-3.242800928758688,5.81499,8.88454529403886,4.960708337572316,-6.1772547,-17.595588415233763,0.11467555445142164,-0.6258296,2.101208641982357e-07,-6.450422968197226,8.714025,-7.017919349086701e-07,10.939614319059588,-0.90110445,0.9722631276427404,19.81728502769883,1.0224843,2.0312359336856156
114,1.13,26.194238212315167,0.24707538,-5.193548632604404,22.952647507700043,0.5754106,10.589489430694627,-4.855615205021092,6.1590695,8.757336435841957,3.4869409179989166,-6.4644413,-17.581419187800574,0.6963430152463832,-0.64637154,1.567574668637659e-07,-5.904596938412119,8.758842,-2.699524283662106e-07,10.563683268463025,-0.8000963,0.9270557063520127,19.75478538169863,1.0301677,1.9569971134928663
115,1.14,27.100901428404757,0.14759243,-4.999313847421697,23.786391624210573,0.62677026,10.35279947029159,-6.615476197037877,6.543639,8.579134239075387,1.8971279440967657,-6.7791348,-17.5109179751877,1.4293881587195358,-0.675431,6.470453270654506e-07,-5.21713626401622,8.8087,5.399774751569083e-07,10.202000846248756,-0.6872766,0.872527318000039,19.634869457988007,1.0437027,1.8731591027518986
