MocapFrame,stage0_L,stage1_L,stage2_L,final_L,stage0_R,stage1_R,stage2_R,final_R,dot_shankX_footX_L,dot_shankX_footX_R,Rrel_L_10,Rrel_L_00,Rrel_R_10,Rrel_R_00,az_from_Rrel_L_deg,az_from_Rrel_R_deg
1,1.0757955226791484e-7,-1.0757955226791484e-7,-1.8832241107785773e-7,-1.8832241107785773e-7,1.0713832027806478e-7,1.0713832027806478e-7,-6.160654140794672e-7,-6.160654140794672e-7,0.9920259,0.9961114,1.8626451e-9,0.9920259,1.8626451e-9,0.9961114,1.07579545e-7,1.0713831e-7
2,-1.8826150981681705e-7,1.8826150981681705e-7,1.0751865100687418e-7,1.0751865100687418e-7,-5.089003516976407e-7,-5.089003516976407e-7,-1.2321040860551726e-6,-1.2321040860551726e-6,0.9920402,0.9961245,-3.259629e-9,0.9920402,-8.8475645e-9,0.9961245,-1.882615e-7,-5.089003e-7
3,1.8826060653928753e-7,-1.8826060653928753e-7,-2.6900346534923037e-7,-2.6900346534923037e-7,-2.142713990020145e-7,-2.142713990020145e-7,-9.374751333595465e-7,-9.374751333595465e-7,0.9920449,0.9961358,3.259629e-9,0.9920449,-3.7252903e-9,0.9961358,1.882606e-7,-2.1427138e-7
4,-5.378921635633349e-8,5.378921635633349e-8,-2.695364245360938e-8,-2.695364245360938e-8,-2.6783741039191227e-7,-2.6783741039191227e-7,-9.910411447494442e-7,-9.910411447494442e-7,0.9920362,0.9961426,-9.313226e-10,0.9920362,-4.656613e-9,0.9961426,-5.3789215e-8,-2.678374e-7
5,1.0758030287881967e-7,-1.0758030287881967e-7,-1.8832316168876252e-7,-1.8832316168876252e-7,-1.1249114037364922e-6,-1.1249114037364922e-6,-1.8481151380940243e-6,-1.8481151380940243e-6,0.992019,0.9961477,1.8626451e-9,0.992019,-1.9557774e-8,0.9961477,1.075803e-7,-0.0000011249114
6,-3.765353092969233e-7,3.765353092969233e-7,2.9579245048698044e-7,2.9579245048698044e-7,-6.9637033595421e-7,-6.9637033595421e-7,-1.419574070311742e-6,-1.419574070311742e-6,0.9920078,0.9961526,-6.519258e-9,0.9920078,-1.21071935e-8,0.9961526,-3.765353e-7,-6.963703e-7
7,8.068604774222257e-8,-8.068604774222257e-8,-1.6142890655216544e-7,-1.6142890655216544e-7,3.481829543110467e-7,3.481829543110467e-7,-3.750207800464853e-7,-3.750207800464853e-7,0.9920089,0.9961589,1.3969839e-9,0.9920089,6.0535967e-9,0.9961589,8.068604e-8,3.4818294e-7
8,3.496364423560381e-7,-3.496364423560381e-7,-4.3037930116598095e-7,-4.3037930116598095e-7,-1.3927238785797018e-6,-1.3927238785797018e-6,-2.1159276129372336e-6,-2.1159276129372336e-6,0.99201775,0.99616456,6.0535967e-9,0.99201775,-2.4214387e-8,0.99616456,3.4963642e-7,-0.0000013927238
9,-1.8826448681599892e-7,1.8826448681599892e-7,1.0752162800605605e-7,1.0752162800605605e-7,-7.767085009864834e-7,-7.767085009864834e-7,-1.4999122353440155e-6,-1.4999122353440155e-6,0.9920245,0.99616826,-3.259629e-9,0.9920245,-1.3504177e-8,0.99616826,-1.8826448e-7,-7.767085e-7
10,5.37899860505664e-8,-5.37899860505664e-8,-1.3453284486050926e-7,-1.3453284486050926e-7,1.0713216272420146e-7,1.0713216272420146e-7,-6.160715716333306e-7,-6.160715716333306e-7,0.99202204,0.9961687,9.313226e-10,0.99202204,1.8626451e-9,0.9961687,5.3789982e-8,1.0713216e-7
11,1.075804682676631e-7,-1.075804682676631e-7,-1.8832332707760599e-7,-1.8832332707760599e-7,4.5531314509134567e-7,4.5531314509134567e-7,-2.678905892661863e-7,-2.678905892661863e-7,0.9920175,0.99616545,1.8626451e-9,0.9920175,7.916242e-9,0.99616545,1.0758046e-7,4.553131e-7
12,-2.420554015885323e-7,2.420554015885323e-7,1.6131254277858942e-7,1.6131254277858942e-7,-9.106304630704334e-7,-9.106304630704334e-7,-1.6338341974279653e-6,-1.6338341974279653e-6,0.99202013,0.996161,-4.1909516e-9,0.99202013,-1.5832484e-8,0.996161,-2.420554e-7,-9.1063043e-7
13,-2.958430849175093e-7,2.958430849175093e-7,2.1510022610756645e-7,2.1510022610756645e-7,2.6783372094848174e-7,2.6783372094848174e-7,-4.5537001340905024e-7,-4.5537001340905024e-7,0.99202824,0.9961564,-5.122274e-9,0.99202824,4.656613e-9,0.9961564,-2.9584308e-7,2.678337e-7
14,1.344728723214356e-7,-1.344728723214356e-7,-2.1521573113137848e-7,-2.1521573113137848e-7,-1.0713396673481678e-6,-1.0713396673481678e-6,-1.7945434017056997e-6,-1.7945434017056997e-6,0.9920375,0.9961519,2.3283064e-9,0.9920375,-1.8626451e-8,0.9961519,1.3447287e-7,-0.0000010713396
15,-1.6136409320886658e-7,1.6136409320886658e-7,8.062123439892371e-8,8.062123439892371e-8,-1.4463139349629915e-6,-1.4463139349629915e-6,-2.1695176693205234e-6,-2.1695176693205234e-6,0.9920581,0.9961482,-2.7939677e-9,0.9920581,-2.514571e-8,0.9961482,-1.6136408e-7,-0.0000014463138
16,1.344659259900113e-7,-1.344659259900113e-7,-2.1520878479995416e-7,-2.1520878479995416e-7,-2.6783632264221117e-8,-2.6783632264221117e-8,-7.499873666217531e-7,-7.499873666217531e-7,0.9920888,0.9961467,2.3283064e-9,0.9920888,-4.656613e-10,0.9961467,1.3446592e-7,-2.6783631e-8
17,-4.033890886946441e-7,4.033890886946441e-7,3.226462298847012e-7,3.226462298847012e-7,-1.3391801310725743e-6,-1.3391801310725743e-6,-2.062383865430106e-6,-2.062383865430106e-6,0.99211013,0.9961478,-6.9849193e-9,0.99211013,-2.3283064e-8,0.9961478,-4.0338907e-7,-0.00000133918
18,3.2270775453445943e-7,-3.2270775453445943e-7,-4.034506133444023e-7,-4.034506133444023e-7,-3.7496917872733323e-7,-3.7496917872733323e-7,-1.0981729130848653e-6,-1.0981729130848653e-6,0.9921209,0.99615115,5.5879354e-9,0.9921209,-6.519258e-9,0.99615115,3.2270773e-7,-3.7496915e-7
19,0.0,-0.0,-8.074285880994287e-8,-8.074285880994287e-8,-3.481843028662316e-7,-3.481843028662316e-7,-1.0713880372237636e-6,-1.0713880372237636e-6,0.9921276,0.996155,0.0,0.9921276,-6.0535967e-9,0.996155,0.0,-3.4818427e-7
20,1.0756927271518436e-7,-1.0756927271518436e-7,-1.8831213152512723e-7,-1.8831213152512723e-7,-3.481837939774826e-7,-3.481837939774826e-7,-1.0713875283350145e-6,-1.0713875283350145e-6,0.9921207,0.9961565,1.8626451e-9,0.9921207,-6.0535967e-9,0.9961565,1.07569264e-7,-3.4818376e-7
21,-1.3446392860167133e-7,1.3446392860167133e-7,5.3721069791728466e-8,5.3721069791728466e-8,4.285342486730452e-7,4.285342486730452e-7,-2.9466948568448676e-7,-2.9466948568448676e-7,0.99210346,0.9961556,-2.3283064e-9,0.99210346,7.450581e-9,0.9961556,-1.3446392e-7,4.2853424e-7
22,8.067910141079826e-8,-8.067910141079826e-8,-1.6142196022074112e-7,-1.6142196022074112e-7,1.071337530015422e-7,1.071337530015422e-7,-6.160699813559898e-7,-6.160699813559898e-7,0.99209434,0.99615395,1.3969839e-9,0.99209434,1.8626451e-9,0.99615395,8.0679094e-8,1.07133744e-7
23,2.6892935206404294e-8,-2.6892935206404294e-8,-1.0763579401634716e-7,-1.0763579401634716e-7,5.892367865081674e-7,5.892367865081674e-7,-1.3396694784936458e-7,-1.3396694784936458e-7,0.9920979,0.996152,4.656613e-10,0.9920979,1.0244548e-8,0.996152,2.6892934e-8,5.892368e-7
24,-5.378535516295019e-8,5.378535516295019e-8,-2.6957503646992676e-8,-2.6957503646992676e-8,-2.410517203088122e-7,-2.410517203088122e-7,-9.64255454666344e-7,-9.64255454666344e-7,0.99210745,0.99615073,-9.313226e-10,0.99210745,-4.1909516e-9,0.99615073,-5.3785353e-8,-2.410517e-7
25,1.882457851544719e-7,-1.882457851544719e-7,-2.6898864396441475e-7,-2.6898864396441475e-7,6.6958594353742e-7,6.6958594353742e-7,-5.361779082011197e-8,-5.361779082011197e-8,0.99212307,0.99615395,3.259629e-9,0.99212307,1.1641532e-8,0.99615395,1.8824578e-7,6.695859e-7
26,1.6135039137929883e-7,-1.6135039137929883e-7,-2.420932501892417e-7,-2.420932501892417e-7,-2.6783212431003163e-8,-2.6783212431003163e-8,-7.499869467885352e-7,-7.499869467885352e-7,0.9921424,0.99616235,2.7939677e-9,0.9921424,-4.656613e-10,0.99616235,1.6135039e-7,-2.678321e-8
27,-2.9580423126152056e-7,2.9580423126152056e-7,2.150613724515777e-7,2.150613724515777e-7,5.356583963994494e-8,5.356583963994494e-8,-6.696378947175871e-7,-6.696378947175871e-7,0.99215853,0.9961732,-5.122274e-9,0.99215853,9.313226e-10,0.9961732,-2.9580423e-7,5.3565838e-8
28,-1.3445490854859468e-7,1.3445490854859468e-7,5.3712049738651816e-8,5.3712049738651816e-8,-5.356521752344925e-7,-5.356521752344925e-7,-1.2588559095920243e-6,-1.2588559095920243e-6,0.99217004,0.99618477,-2.3283064e-9,0.99217004,-9.313226e-9,0.99618477,-1.3445491e-7,-5.3565213e-7
29,-1.0756378943891352e-7,1.0756378943891352e-7,2.682093062897065e-8,2.682093062897065e-8,8.034706422427219e-8,8.034706422427219e-8,-6.428566701332598e-7,-6.428566701332598e-7,0.9921713,0.9961942,-1.8626451e-9,0.9921713,1.3969839e-9,0.9961942,-1.07563785e-7,8.034706e-8
30,-8.067362449563677e-8,8.067362449563677e-8,-6.923431430609438e-11,-6.923431430609438e-11,5.356440839033828e-7,5.356440839033828e-7,-1.8755965045414918e-7,-1.8755965045414918e-7,0.9921617,0.9961998,-1.3969839e-9,0.9921617,9.313226e-9,0.9961998,-8.067362e-8,5.3564406e-7
31,1.8823942404510898e-7,-1.8823942404510898e-7,-2.6898228285505184e-7,-2.6898228285505184e-7,2.6782153306294238e-8,2.6782153306294238e-8,-6.964215810512377e-7,-6.964215810512377e-7,0.99215657,0.99620163,3.259629e-9,0.99215657,4.656613e-10,0.99620163,1.8823941e-7,2.6782152e-8
32,0.0,-0.0,-8.074285880994287e-8,-8.074285880994287e-8,5.624260845430524e-7,5.624260845430524e-7,-1.607776498144796e-7,-1.607776498144796e-7,0.99216557,0.9962002,0.0,0.99216557,9.778887e-9,0.9962002,0.0,5.6242607e-7
33,0.0,-0.0,-8.074285880994287e-8,-8.074285880994287e-8,-2.1425824422785197e-7,-2.1425824422785197e-7,-9.374619785853839e-7,-9.374619785853839e-7,0.9921916,0.9961969,0.0,0.9921916,-3.7252903e-9,0.9961969,0.0,-2.1425824e-7
34,-1.6133702032741797e-7,1.6133702032741797e-7,8.05941615174751e-8,8.05941615174751e-8,-2.142584274278016e-6,-2.142584274278016e-6,-2.865788008635548e-6,-2.865788008635548e-6,0.9922246,0.99619615,-2.7939677e-9,0.9922246,-3.7252903e-8,0.99619615,-1.6133701e-7,-0.0000021425842
35,-1.344442854959586e-7,1.344442854959586e-7,5.370142668601574e-8,5.370142668601574e-8,-1.0712872772514548e-7,-1.0712872772514548e-7,-8.303324620826774e-7,-8.303324620826774e-7,0.9922484,0.9962006,-2.3283064e-9,0.9922484,-1.8626451e-9,0.9962006,-1.3444428e-7,-1.0712872e-7
36,8.066537413679306e-8,-8.066537413679306e-8,-1.6140823294673593e-7,-1.6140823294673593e-7,5.356393512380168e-7,5.356393512380168e-7,-1.8756438311951517e-7,-1.8756438311951517e-7,0.99226314,0.9962086,1.3969839e-9,0.99226314,9.313226e-9,0.9962086,8.066537e-8,5.3563934e-7
37,-2.6888240707694452e-8,2.6888240707694452e-8,-5.3854618102248416e-8,-5.3854618102248416e-8,1.0712699750339877e-7,1.0712699750339877e-7,-6.160767368541332e-7,-6.160767368541332e-7,0.9922712,0.9962168,-4.656613e-10,0.9922712,1.8626451e-9,0.9962168,-2.688824e-8,1.0712699e-7
38,8.066437544262309e-8,-8.066437544262309e-8,-1.6140723425256594e-7,-1.6140723425256594e-7,5.3563104362918884e-8,5.3563104362918884e-8,-6.696406299946131e-7,-6.696406299946131e-7,0.9922754,0.99622405,1.3969839e-9,0.9922754,9.313226e-10,0.99622405,8.066437e-8,5.3563102e-8
39,-2.688801806886675e-8,2.688801806886675e-8,-5.385484074107612e-8,-5.385484074107612e-8,-1.1248184806509187e-6,-1.1248184806509187e-6,-1.8480222150084506e-6,-1.8480222150084506e-6,0.9922794,0.99623,-4.656613e-10,0.9922794,-1.9557774e-8,0.99623,-2.6888017e-8,-0.0000011248184
40,-8.066384747054595e-8,8.066384747054595e-8,-7.901133939691408e-11,-7.901133939691408e-11,-1.339064409771044e-7,-1.339064409771044e-7,-8.571101753346364e-7,-8.571101753346364e-7,0.9922819,0.9962339,-1.3969839e-9,0.9922819,-2.3283064e-9,0.9962339,-8.0663845e-8,-1.3390644e-7
41,2.1510279599574908e-7,-2.1510279599574908e-7,-2.958456548056919e-7,-2.958456548056919e-7,-1.0712498993728384e-6,-1.0712498993728384e-6,-1.7944536337303704e-6,-1.7944536337303704e-6,0.9922856,0.99623543,3.7252903e-9,0.9922856,-1.8626451e-8,0.99623543,2.1510279e-7,-0.0000010712498
42,-2.6887655485633064e-8,2.6887655485633064e-8,-5.38552033243098e-8,-5.38552033243098e-8,7.230933054989915e-7,7.230933054989915e-7,-1.1042885854045541e-10,-1.1042885854045541e-10,0.99229276,0.9962359,-4.656613e-10,0.99229276,1.2572855e-8,0.9962359,-2.6887655e-8,7.2309325e-7
43,-2.688746019957562e-7,2.688746019957562e-7,1.8813174318581335e-7,1.8813174318581335e-7,7.498754079164109e-7,7.498754079164109e-7,2.667167355887895e-8,2.667167355887895e-8,0.99230003,0.9962348,-4.656613e-9,0.99230003,1.3038516e-8,0.9962348,-2.688746e-7,7.4987537e-7
44,0.0,-0.0,-8.074285880994287e-8,-8.074285880994287e-8,-5.891896634100068e-7,-5.891896634100068e-7,-1.312393397767539e-6,-1.312393397767539e-6,0.99230415,0.9962317,0.0,0.99230415,-1.0244548e-8,0.9962317,0.0,-5.8918965e-7
45,-3.226485453285093e-7,3.226485453285093e-7,2.4190568651856643e-7,2.4190568651856643e-7,1.392636858603617e-6,1.392636858603617e-6,6.69433124246085e-7,6.69433124246085e-7,0.992303,0.9962268,-5.5879354e-9,0.992303,2.4214387e-8,0.9962268,-3.2264853e-7,0.0000013926368
46,3.226509879945047e-7,-3.226509879945047e-7,-4.0339384680444756e-7,-4.0339384680444756e-7,-5.08851701933233e-7,-5.08851701933233e-7,-1.232055436290765e-6,-1.232055436290765e-6,0.9922955,0.9962197,5.5879354e-9,0.9922955,-8.8475645e-9,0.9962197,3.2265098e-7,-5.0885166e-7
47,-1.075509399980004e-7,1.075509399980004e-7,2.6808081188057527e-8,2.6808081188057527e-8,-1.5533514571020912e-6,-1.5533514571020912e-6,-2.276555191459623e-6,-2.276555191459623e-6,0.99228984,0.99621034,-1.8626451e-9,0.99228984,-2.7008355e-8,0.99621034,-1.0755093e-7,-0.0000015533514
48,1.0755024027597048e-7,-1.0755024027597048e-7,-1.8829309908591335e-7,-1.8829309908591335e-7,4.2851312978996033e-7,4.2851312978996033e-7,-2.9469060456757165e-7,-2.9469060456757165e-7,0.9922963,0.9962048,1.8626451e-9,0.9922963,7.450581e-9,0.9962048,1.07550235e-7,4.2851312e-7
49,2.6887322799613383e-7,-2.6887322799613383e-7,-3.496160868060767e-7,-3.496160868060767e-7,5.3563918584917334e-8,5.3563918584917334e-8,-6.696398157726147e-7,-6.696398157726147e-7,0.99230504,0.99620897,4.656613e-9,0.99230504,9.313226e-10,0.99620897,2.688732e-7,5.3563916e-8
50,-8.066207908214306e-8,8.066207908214306e-8,-8.077972779980342e-11,-8.077972779980342e-11,1.6604686712192898e-6,1.6604686712192898e-6,9.372649368617578e-7,9.372649368617578e-7,0.99230367,0.9962166,-1.3969839e-9,0.99230367,2.8871e-8,0.9962166,-8.0662076e-8,0.0000016604686
51,-2.6887656121744e-7,2.6887656121744e-7,1.8813370240749714e-7,1.8813370240749714e-7,-2.6781580806451575e-8,-2.6781580806451575e-8,-7.499853151639836e-7,-7.499853151639836e-7,0.99229276,0.996223,-4.656613e-9,0.99229276,-4.656613e-10,0.996223,-2.6887653e-7,-2.678158e-8
52,-2.957673877160905e-7,2.957673877160905e-7,2.1502452890614763e-7,2.1502452890614763e-7,-2.1425147600748982e-7,-2.1425147600748982e-7,-9.374552103650218e-7,-9.374552103650218e-7,0.9922821,0.9962284,-5.122274e-9,0.9922821,-3.7252903e-9,0.9962284,-2.9576736e-7,-2.1425146e-7
53,0.0,-0.0,-8.074285880994287e-8,-8.074285880994287e-8,5.088455443793697e-7,5.088455443793697e-7,-2.143581899781623e-7,-2.143581899781623e-7,0.9922868,0.9962318,0.0,0.9922868,8.8475645e-9,0.9962318,0.0,5.088455e-7
54,-8.066216813767414e-8,8.066216813767414e-8,-8.069067226872847e-11,-8.069067226872847e-11,-2.6781323181522377e-8,-2.6781323181522377e-8,-7.499850575390543e-7,-7.499850575390543e-7,0.9923026,0.9962326,-1.3969839e-9,0.9923026,-4.656613e-10,0.9962326,-8.066216e-8,-2.6781322e-8
55,2.688714977743871e-8,-2.688714977743871e-8,-1.0763000858738158e-7,-1.0763000858738158e-7,-3.2137634890036137e-7,-3.2137634890036137e-7,-1.0445800832578934e-6,-1.0445800832578934e-6,0.9923115,0.9962311,4.656613e-10,0.9923115,-5.5879354e-9,0.9962311,2.6887149e-8,-3.2137632e-7
56,1.0754845916534887e-7,-1.0754845916534887e-7,-1.8829131797529175e-7,-1.8829131797529175e-7,4.0172257981930703e-7,4.0172257981930703e-7,-3.2148115453822495e-7,-3.2148115453822495e-7,0.9923128,0.9962258,1.8626451e-9,0.9923128,6.9849193e-9,0.9962258,1.0754845e-7,4.0172256e-7
57,1.8820966677550922e-7,-1.8820966677550922e-7,-2.6895252558545206e-7,-2.6895252558545206e-7,-1.3122987953490933e-6,-1.3122987953490933e-6,-2.0355025297066254e-6,-2.0355025297066254e-6,0.99231344,0.99622196,3.259629e-9,0.99231344,-2.2817403e-8,0.99622196,1.8820965e-7,-0.0000013122988
58,-2.4198425894141734e-7,2.4198425894141734e-7,1.6124140013147447e-7,1.6124140013147447e-7,5.088482923786145e-7,5.088482923786145e-7,-2.1435544197891751e-7,-2.1435544197891751e-7,0.9923118,0.9962264,-4.1909516e-9,0.9923118,8.8475645e-9,0.9962264,-2.4198425e-7,5.0884825e-7
59,-3.226495631060074e-7,3.226495631060074e-7,2.419067042960645e-7,2.419067042960645e-7,4.5528205198877964e-7,4.5528205198877964e-7,-2.6792168236875235e-7,-2.6792168236875235e-7,0.99229985,0.9962335,-5.5879354e-9,0.99229985,7.916242e-9,0.9962335,-3.2264956e-7,4.5528202e-7
60,0.0,-0.0,-8.074285880994287e-8,-8.074285880994287e-8,-2.1424903334149445e-7,-2.1424903334149445e-7,-9.374527676990264e-7,-9.374527676990264e-7,0.99228215,0.99623984,0.0,0.99228215,-3.7252903e-9,0.99623984,0.0,-2.1424903e-7
61,8.06646807758725e-8,-8.06646807758725e-8,-1.6140753958581538e-7,-1.6140753958581538e-7,-4.284933340176229e-7,-4.284933340176229e-7,-1.151697068375155e-6,-1.151697068375155e-6,0.99227166,0.9962508,1.3969839e-9,0.99227166,-7.450581e-9,0.9962508,8.066468e-8,-4.284933e-7
62,1.3444119399680822e-7,-1.3444119399680822e-7,-2.1518405280675108e-7,-2.1518405280675108e-7,-6.695108315580626e-7,-6.695108315580626e-7,-1.3927145659155946e-6,-1.3927145659155946e-6,0.99227124,0.9962657,2.3283064e-9,0.99227124,-1.1641532e-8,0.9962657,1.3444118e-7,-6.6951077e-7
63,2.6887941735554395e-8,-2.6887941735554395e-8,-1.0763080054549726e-7,-1.0763080054549726e-7,8.034024511503513e-8,8.034024511503513e-8,-6.428634892424969e-7,-6.428634892424969e-7,0.9922822,0.99627876,4.656613e-10,0.9922822,1.3969839e-9,0.99627876,2.688794e-8,8.034024e-8
64,2.6887617318976887e-8,-2.6887617318976887e-8,-1.0763047612891976e-7,-1.0763047612891976e-7,-1.0711944050547561e-7,-1.0711944050547561e-7,-8.303231748630076e-7,-8.303231748630076e-7,0.9922942,0.996287,4.656613e-10,0.9922942,-1.8626451e-9,0.996287,2.6887616e-8,-1.0711943e-7
65,5.3775158304641416e-8,-5.3775158304641416e-8,-1.3451801711458428e-7,-1.3451801711458428e-7,-3.2135690935014825e-7,-3.2135690935014825e-7,-1.0445606437076801e-6,-1.0445606437076801e-6,0.99229556,0.99629134,9.313226e-10,0.99229556,-5.5879354e-9,0.99629134,5.3775157e-8,-3.2135688e-7
66,-2.1510322855118575e-7,2.1510322855118575e-7,1.3436036974124288e-7,1.3436036974124288e-7,-3.4813588210176104e-7,-3.4813588210176104e-7,-1.071339616459293e-6,-1.071339616459293e-6,0.9922836,0.99629354,-3.7252903e-9,0.9922836,-6.0535967e-9,0.99629354,-2.1510321e-7,-3.4813587e-7
67,-1.344433567739916e-7,1.344433567739916e-7,5.3700497964048736e-8,5.3700497964048736e-8,-6.427122411451745e-7,-6.427122411451745e-7,-1.3659159755027064e-6,-1.3659159755027064e-6,0.9922553,0.99629384,-2.3283064e-9,0.9922553,-1.1175871e-8,0.99629384,-1.3444335e-7,-6.427122e-7
68,0.0,-0.0,-8.074285880994287e-8,-8.074285880994287e-8,-5.355940601393528e-7,-5.355940601393528e-7,-1.2587977944968847e-6,-1.2587977944968847e-6,0.9922152,0.9962928,0.0,0.9922152,-9.313226e-9,0.9962928,0.0,-5.3559404e-7
69,-2.15126281211517e-7,2.15126281211517e-7,1.3438342240157413e-7,1.3438342240157413e-7,1.6067841650841795e-7,1.6067841650841795e-7,-5.625253178491141e-7,-5.625253178491141e-7,0.99217725,0.99629164,-3.7252903e-9,0.99217725,2.7939677e-9,0.99629164,-2.1512626e-7,1.6067841e-7
70,1.0756625754934633e-7,-1.0756625754934633e-7,-1.883091163592892e-7,-1.883091163592892e-7,6.159356347262448e-7,6.159356347262448e-7,-1.0726809963128722e-7,-1.0726809963128722e-7,0.9921486,0.99628884,1.8626451e-9,0.9921486,1.071021e-8,0.99628884,1.0756625e-7,6.159356e-7
71,1.3446230015767442e-7,-1.3446230015767442e-7,-2.152051589676173e-7,-2.152051589676173e-7,3.7491948574099004e-7,3.7491948574099004e-7,-3.4828424861654194e-7,-3.4828424861654194e-7,0.9921155,0.9962832,2.3283064e-9,0.9921155,6.519258e-9,0.9962832,1.344623e-7,3.7491947e-7
72,-2.689364765065294e-8,2.689364765065294e-8,-5.3849211159289925e-8,-5.3849211159289925e-8,6.42723589364278e-7,6.42723589364278e-7,-8.0480144993254e-8,-8.0480144993254e-8,0.9920717,0.99627626,-4.656613e-10,0.9920717,1.1175871e-8,0.99627626,-2.6893646e-8,6.4272353e-7
73,-1.0757872532369767e-7,1.0757872532369767e-7,2.6835866513754804e-8,2.6835866513754804e-8,6.42726744474522e-7,6.42726744474522e-7,-8.047698988301001e-8,-8.047698988301001e-8,0.99203354,0.9962714,-1.8626451e-9,0.99203354,1.1175871e-8,0.9962714,-1.0757872e-7,6.427267e-7
74,2.9584875902706105e-7,-2.9584875902706105e-7,-3.765916178370039e-7,-3.765916178370039e-7,1.6068196600744247e-7,1.6068196600744247e-7,-5.625217683500895e-7,-5.625217683500895e-7,0.9920092,0.9962696,5.122274e-9,0.9920092,2.7939677e-9,0.9962696,2.9584874e-7,1.6068196e-7
75,1.3447864820873712e-7,-1.3447864820873712e-7,-2.1522150701868e-7,-2.1522150701868e-7,-1.231895187223694e-6,-1.231895187223694e-6,-1.955098921581226e-6,-1.955098921581226e-6,0.9919949,0.9962695,2.3283064e-9,0.9919949,-2.142042e-8,0.9962695,1.3447864e-7,-0.0000012318951
76,1.6137519970581425e-7,-1.6137519970581425e-7,-2.4211805851575714e-7,-2.4211805851575714e-7,-5.623880196646246e-7,-5.623880196646246e-7,-1.2855917540221567e-6,-1.2855917540221567e-6,0.99198985,0.99626756,2.7939677e-9,0.99198985,-9.778887e-9,0.99626756,1.613752e-7,-5.62388e-7
77,-5.379144910571987e-8,5.379144910571987e-8,-2.6951409704222996e-8,-2.6951409704222996e-8,2.945862060407073e-7,2.945862060407073e-7,-4.286175283168247e-7,-4.286175283168247e-7,0.9919951,0.9962608,-9.313226e-10,0.9919951,5.122274e-9,0.9962608,-5.3791446e-8,2.945862e-7
78,-5.3790660328158873e-8,5.3790660328158873e-8,-2.6952198481783995e-8,-2.6952198481783995e-8,-3.4814903687592355e-7,-3.4814903687592355e-7,-1.0713527712334555e-6,-1.0713527712334555e-6,0.9920096,0.99625593,-9.313226e-10,0.9920096,-6.0535967e-9,0.99625593,-5.3790657e-8,-3.4814903e-7
79,-5.378946443959864e-8,5.378946443959864e-8,-2.6953394370344228e-8,-2.6953394370344228e-8,2.6780633001156497e-8,2.6780633001156497e-8,-6.964231013563755e-7,-6.964231013563755e-7,0.99203163,0.99625826,-9.313226e-10,0.99203163,4.656613e-10,0.99625826,-5.378946e-8,2.6780631e-8
80,-1.6136322809799324e-7,1.6136322809799324e-7,8.062036928805037e-8,8.062036928805037e-8,6.962918653091089e-7,6.962918653091089e-7,-2.6911869048423045e-8,-2.6911869048423045e-8,0.9920634,0.9962648,-2.7939677e-9,0.9920634,1.21071935e-8,0.9962648,-1.6136322e-7,6.962918e-7
81,2.689286205364662e-8,-2.689286205364662e-8,-1.0763572086358949e-7,-1.0763572086358949e-7,4.0170324204684374e-7,4.0170324204684374e-7,-3.2150049231068824e-7,-3.2150049231068824e-7,0.9921007,0.99627376,4.656613e-10,0.9921007,6.9849193e-9,0.99627376,2.6892861e-8,4.0170323e-7
82,-8.06763152448973e-8,8.06763152448973e-8,-6.654356504557405e-11,-6.654356504557405e-11,3.213591993495189e-7,3.213591993495189e-7,-4.018445350080131e-7,-4.018445350080131e-7,0.9921286,0.99628425,-1.3969839e-9,0.9921286,5.5879354e-9,0.99628425,-8.067631e-8,3.2135918e-7
83,-5.378322419131361e-8,5.378322419131361e-8,-2.6959634618629256e-8,-2.6959634618629256e-8,2.677961140699281e-7,2.677961140699281e-7,-4.5540762028760387e-7,-4.5540762028760387e-7,0.99214673,0.9962963,-9.313226e-10,0.99214673,4.656613e-9,0.9962963,-5.378322e-8,2.677961e-7
84,1.8823788465664315e-7,-1.8823788465664315e-7,-2.68980743466586e-7,-2.68980743466586e-7,-4.284702813572916e-7,-4.284702813572916e-7,-1.1516740157148236e-6,-1.1516740157148236e-6,0.9921647,0.9963044,3.259629e-9,0.9921647,-7.450581e-9,0.9963044,1.8823788e-7,-4.2847026e-7
85,2.151264847670166e-7,-2.151264847670166e-7,-2.9586934357695947e-7,-2.9586934357695947e-7,-1.231853560124023e-6,-1.231853560124023e-6,-1.955057294481555e-6,-1.955057294481555e-6,0.9921764,0.99630314,3.7252903e-9,0.9921764,-2.142042e-8,0.99630314,2.1512648e-7,-0.0000012318535
86,-1.3445395438219025e-7,1.3445395438219025e-7,5.3711095572247383e-8,5.3711095572247383e-8,-8.301702665161416e-7,-8.301702665161416e-7,-1.5533740008736736e-6,-1.5533740008736736e-6,0.9921771,0.9962935,-2.3283064e-9,0.9921771,-1.44355e-8,0.9962935,-1.3445394e-7,-8.301702e-7
87,-1.0756376399447606e-7,1.0756376399447606e-7,2.6820905184533194e-8,2.6820905184533194e-8,-8.033999703176997e-8,-8.033999703176997e-8,-8.03543731389302e-7,-8.03543731389302e-7,0.9921716,0.9962818,-1.8626451e-9,0.9921716,-1.3969839e-9,0.9962818,-1.0756376e-7,-8.0339994e-8
88,1.882384062676109e-7,-1.882384062676109e-7,-2.689812650775538e-7,-2.689812650775538e-7,-4.284830544648924e-7,-4.284830544648924e-7,-1.1516867888224244e-6,-1.1516867888224244e-6,0.9921619,0.99627465,3.259629e-9,0.9921619,-7.450581e-9,0.99627465,1.882384e-7,-4.2848302e-7
89,2.420242830415289e-7,-2.420242830415289e-7,-3.2276714185147175e-7,-3.2276714185147175e-7,-2.945838142635868e-7,-2.945838142635868e-7,-1.0177875486211188e-6,-1.0177875486211188e-6,0.9921477,0.9962689,4.1909516e-9,0.9921477,-5.122274e-9,0.9962689,2.4202427e-7,-2.945838e-7
90,0.0,-0.0,-8.074285880994287e-8,-8.074285880994287e-8,-9.10538964873357e-7,-9.10538964873357e-7,-1.633742699230889e-6,-1.633742699230889e-6,0.99213153,0.99626106,0.0,0.99213153,-1.5832484e-8,0.99626106,0.0,-9.105389e-7
91,-5.378435646878021e-8,5.378435646878021e-8,-2.695850234116266e-8,-2.695850234116266e-8,4.2849155290700125e-7,4.2849155290700125e-7,-2.9471218145053073e-7,-2.9471218145053073e-7,0.9921259,0.996255,-9.313226e-10,0.9921259,7.450581e-9,0.996255,-5.3784355e-8,4.2849152e-7
92,-1.6135186715667105e-7,1.6135186715667105e-7,8.060900834672818e-8,8.060900834672818e-8,-4.017116896000777e-7,-4.017116896000777e-7,-1.1249154239576097e-6,-1.1249154239576097e-6,0.99213326,0.9962528,-2.7939677e-9,0.99213326,-6.9849193e-9,0.9962528,-1.6135186e-7,-4.0171167e-7
93,2.420270819296485e-7,-2.420270819296485e-7,-3.227699407395914e-7,-3.227699407395914e-7,6.15961333608071e-7,6.15961333608071e-7,-1.0724240074946097e-7,-1.0724240074946097e-7,0.99213624,0.9962473,4.1909516e-9,0.99213624,1.071021e-8,0.9962473,2.4202706e-7,6.159613e-7
94,-8.067666510591225e-8,8.067666510591225e-8,-6.619370403061879e-11,-6.619370403061879e-11,-3.213738044566162e-7,-3.213738044566162e-7,-1.0445775388141481e-6,-1.0445775388141481e-6,0.99212426,0.996239,-1.3969839e-9,0.99212426,-5.5879354e-9,0.996239,-8.0676664e-8,-3.213738e-7
95,-2.6892995636943243e-8,2.6892995636943243e-8,-5.3849863172999626e-8,-5.3849863172999626e-8,4.820628312954515e-7,4.820628312954515e-7,-2.4114090306208047e-7,-2.4114090306208047e-7,0.9920957,0.99623466,-4.656613e-10,0.9920957,8.381903e-9,0.99623466,-2.6892994e-8,4.8206283e-7
96,-2.4204878603479486e-7,2.4204878603479486e-7,1.61305927224852e-7,1.61305927224852e-7,-6.695349019958919e-7,-6.695349019958919e-7,-1.3927386363534239e-6,-1.3927386363534239e-6,0.99204725,0.9962299,-4.1909516e-9,0.99204725,-1.1641532e-8,0.9962299,-2.4204877e-7,-6.6953487e-7
97,-5.379257502207711e-8,5.379257502207711e-8,-2.6950283787865758e-8,-2.6950283787865758e-8,-8.034502230816669e-8,-8.034502230816669e-8,-8.035487566656987e-7,-8.035487566656987e-7,0.99197435,0.9962195,-9.313226e-10,0.99197435,-1.3969839e-9,0.9962195,-5.3792572e-8,-8.034502e-8
98,8.069726873913878e-8,-8.069726873913878e-8,-1.6144012754908165e-7,-1.6144012754908165e-7,3.74949510177183e-7,3.74949510177183e-7,-3.4825422418034897e-7,-3.4825422418034897e-7,0.991871,0.99620336,1.3969839e-9,0.991871,6.519258e-9,0.99620336,8.069726e-8,3.7494948e-7
99,1.883196503563942e-7,-1.883196503563942e-7,-2.690625091663371e-7,-2.690625091663371e-7,5.356550759003619e-7,5.356550759003619e-7,-1.8754865845717006e-7,-1.8754865845717006e-7,0.9917339,0.9961794,3.259629e-9,0.9917339,9.313226e-9,0.9961794,1.8831965e-7,5.3565503e-7
100,2.959844033231161e-7,-2.959844033231161e-7,-3.7672726213305896e-7,-3.7672726213305896e-7,-1.4731066222663906e-6,-1.4731066222663906e-6,-2.1963103566239227e-6,-2.1963103566239227e-6,0.9915546,0.996142,5.122274e-9,0.9915546,-2.561137e-8,0.996142,2.959844e-7,-0.0000014731065
101,-8.074285880994287e-8,8.074285880994287e-8,0.0,0.0,7.23203734357532e-7,7.23203734357532e-7,0.0,0.0,0.99131095,0.9960838,-1.3969839e-9,0.99131095,1.2572855e-8,0.9960838,-8.074286e-8,7.232037e-7
102,1.0769382323651046e-7,-1.0769382323651046e-7,-1.8843668204645334e-7,-1.8843668204645334e-7,1.125082695689417e-6,1.125082695689417e-6,4.018789613318851e-7,4.018789613318851e-7,0.99097335,0.995996,1.8626451e-9,0.99097335,1.9557774e-8,0.995996,1.07693815e-7,0.0000011250827
103,-1.3466968504512456e-7,1.3466968504512456e-7,5.39268262351817e-8,5.39268262351817e-8,-3.750757654758184e-7,-3.750757654758184e-7,-1.0982794998333504e-6,-1.0982794998333504e-6,0.99058765,0.995868,-2.3283064e-9,0.99058765,-6.519258e-9,0.995868,-1.3466968e-7,-3.7507576e-7
104,1.3471185920020078e-7,-1.3471185920020078e-7,-2.1545471801014365e-7,-2.1545471801014365e-7,-6.698679696821347e-7,-6.698679696821347e-7,-1.3930717040396667e-6,-1.3930717040396667e-6,0.9902775,0.9957345,2.3283064e-9,0.9902775,-1.1641532e-8,0.9957345,1.3471185e-7,-6.698679e-7
105,-2.155843065300852e-7,2.155843065300852e-7,1.3484144772014232e-7,1.3484144772014232e-7,2.1436920741957887e-7,2.1436920741957887e-7,-5.088345269379531e-7,-5.088345269379531e-7,0.9900694,0.9956813,-3.7252903e-9,0.9900694,3.7252903e-9,0.9956813,-2.155843e-7,2.143692e-7
106,2.6952090342924833e-8,-2.6952090342924833e-8,-1.076949491528677e-7,-1.076949491528677e-7,2.6795467108190843e-8,2.6795467108190843e-8,-6.964082672493411e-7,-6.964082672493411e-7,0.98992044,0.9957067,4.656613e-10,0.98992044,4.656613e-10,0.9957067,2.6952089e-8,2.6795465e-8
107,2.695423085622546e-8,-2.695423085622546e-8,-1.0769708966616832e-7,-1.0769708966616832e-7,-1.8755821284343313e-7,-1.8755821284343313e-7,-9.107619472009651e-7,-9.107619472009651e-7,0.9898418,0.9957601,4.656613e-10,0.9898418,-3.259629e-9,0.9957601,2.6954229e-8,-1.875582e-7
108,0.0,-0.0,-8.074285880994287e-8,-8.074285880994287e-8,-6.162175082043347e-7,-6.162175082043347e-7,-1.3394212425618666e-6,-1.3394212425618666e-6,0.9898592,0.99583316,0.0,0.9898592,-1.071021e-8,0.99583316,0.0,-6.1621745e-7
109,-3.503640260449697e-7,3.503640260449697e-7,2.696211672350268e-7,2.696211672350268e-7,6.027952112264344e-7,6.027952112264344e-7,-1.2040852313109756e-7,-1.2040852313109756e-7,0.98995763,0.9958765,-6.0535967e-9,0.98995763,1.0477379e-8,0.9958765,-3.5036402e-7,6.027952e-7
110,0.0,-0.0,-8.074285880994287e-8,-8.074285880994287e-8,2.1432004876642216e-7,2.1432004876642216e-7,-5.088836855911098e-7,-5.088836855911098e-7,0.9900459,0.99590963,0.0,0.9900459,3.7252903e-9,0.99590963,0.0,2.1432004e-7
111,6.737515923370452e-8,-6.737515923370452e-8,-1.4811801804364739e-7,-1.4811801804364739e-7,-5.625449609548267e-7,-5.625449609548267e-7,-1.2857486953123586e-6,-1.2857486953123586e-6,0.98999494,0.9959897,1.1641532e-9,0.98999494,-9.778887e-9,0.9959897,6.7375154e-8,-5.625449e-7
112,0.0,-0.0,-8.074285880994287e-8,-8.074285880994287e-8,8.035856511000037e-8,8.035856511000037e-8,-6.428451692475316e-7,-6.428451692475316e-7,0.98980933,0.9960516,0.0,0.98980933,1.3969839e-9,0.9960516,0.0,8.035856e-8
113,-1.0784067580726301e-7,1.0784067580726301e-7,2.709781699732014e-8,2.709781699732014e-8,8.303774860147482e-7,8.303774860147482e-7,1.0717375165721623e-7,1.0717375165721623e-7,0.98962384,0.9960449,-1.8626451e-9,0.98962384,1.44355e-8,0.9960449,-1.0784067e-7,8.303774e-7
114,5.123021712071842e-7,-5.123021712071842e-7,-5.930450300171272e-7,-5.930450300171272e-7,-9.777745677287483e-7,-9.777745677287483e-7,-1.7009783020862802e-6,-1.7009783020862802e-6,0.98951,0.9959715,8.8475645e-9,0.98951,-1.6996637e-8,0.9959715,5.1230217e-7,-9.777746e-7
115,-2.5616823515443454e-7,2.5616823515443454e-7,1.7542537634449167e-7,1.7542537634449167e-7,9.779193974667234e-7,9.779193974667234e-7,2.5471566310919137e-7,2.5471566310919137e-7,0.9894437,0.9958239,-4.4237822e-9,0.9894437,1.6996637e-8,0.9958239,-2.5616822e-7,9.779194e-7
116,4.853987497119952e-7,-4.853987497119952e-7,-5.66141608521938e-7,-5.66141608521938e-7,1.2060485241047493e-7,1.2060485241047493e-7,-6.025988819470571e-7,-6.025988819470571e-7,0.989388,0.99549824,8.381903e-9,0.989388,2.0954758e-9,0.99549824,4.8539874e-7,1.2060485e-7
117,-3.910320230906595e-7,3.910320230906595e-7,3.102891642807166e-7,3.102891642807166e-7,3.083058976035432e-7,3.083058976035432e-7,-4.148978367539888e-7,-4.148978367539888e-7,0.98934656,0.99519634,-6.7520887e-9,0.98934656,5.355105e-9,0.99519634,-3.91032e-7,3.0830589e-7
118,1.8876165840158656e-7,-1.8876165840158656e-7,-2.6950451721152943e-7,-2.6950451721152943e-7,1.4750623835066787e-7,1.4750623835066787e-7,-5.756974960068641e-7,-5.756974960068641e-7,0.98941165,0.99482125,3.259629e-9,0.98941165,2.561137e-9,0.99482125,1.8876165e-7,1.4750623e-7
119,-8.087527802355092e-8,8.087527802355092e-8,1.324192136080529e-10,1.324192136080529e-10,-1.0732149478327963e-7,-1.0732149478327963e-7,-8.305252291408116e-7,-8.305252291408116e-7,0.98968786,0.99441123,-1.3969839e-9,0.98968786,-1.8626451e-9,0.99441123,-8.0875274e-8,-1.0732149e-7
120,-3.503176408354952e-7,3.503176408354952e-7,2.695747820255523e-7,2.695747820255523e-7,-1.8789284536257925e-7,-1.8789284536257925e-7,-9.110965797201112e-7,-9.110965797201112e-7,0.9900887,0.99398667,-6.0535967e-9,0.9900887,-3.259629e-9,0.99398667,-3.5031763e-7,-1.8789284e-7
121,-8.080818104199077e-8,8.080818104199077e-8,6.532223204790289e-11,6.532223204790289e-11,-8.055456488391274e-7,-8.055456488391274e-7,-1.5287493831966594e-6,-1.5287493831966594e-6,0.99050957,0.9936281,-1.3969839e-9,0.99050957,-1.3969839e-8,0.9936281,-8.080818e-8,-8.055456e-7
122,-4.0385095612326747e-7,4.0385095612326747e-7,3.231080973133246e-7,3.231080973133246e-7,-1.0205861568519946e-6,-1.0205861568519946e-6,-1.7437898912095267e-6,-1.7437898912095267e-6,0.9909755,0.99340576,-6.9849193e-9,0.9909755,-1.7695129e-8,0.99340576,-4.0385095e-7,-0.0000010205861
123,-8.073562622859722e-8,8.073562622859722e-8,-7.2325813456471844e-12,-7.2325813456471844e-12,2.954689499092194e-7,2.954689499092194e-7,-4.277347844483126e-7,-4.277347844483126e-7,0.99139977,0.99328434,-1.3969839e-9,0.99139977,5.122274e-9,0.99328434,-8.0735624e-8,2.9546894e-7
124,0.0,-0.0,-8.074285880994287e-8,-8.074285880994287e-8,5.103678341832305e-7,5.103678341832305e-7,-2.1283590017430148e-7,-2.1283590017430148e-7,0.991713,0.99326026,0.0,0.991713,8.8475645e-9,0.99326026,0.0,5.103678e-7
125,1.6137846931602679e-7,-1.6137846931602679e-7,-2.4212132812596963e-7,-2.4212132812596963e-7,-7.788909721644662e-7,-7.788909721644662e-7,-1.502094706521998e-6,-1.502094706521998e-6,0.99196976,0.993377,2.7939677e-9,0.99196976,-1.3504177e-8,0.993377,1.6137847e-7,-7.788909e-7
126,3.4958364514832576e-7,-3.4958364514832576e-7,-4.3032650395826863e-7,-4.3032650395826863e-7,6.444689251068405e-7,6.444689251068405e-7,-7.873480925069152e-8,-7.873480925069152e-8,0.99216753,0.99357814,6.0535967e-9,0.99216753,1.1175871e-8,0.99357814,3.4958362e-7,6.444689e-7
127,4.3016722177982096e-7,-4.3016722177982096e-7,-5.109100805897638e-7,-5.109100805897638e-7,2.6846931663491605e-8,2.6846931663491605e-8,-6.963568026940404e-7,-6.963568026940404e-7,0.9923741,0.993798,7.450581e-9,0.9923741,4.656613e-10,0.993798,4.301672e-7,2.684693e-8
128,5.106417689968355e-7,-5.106417689968355e-7,-5.913846278067783e-7,-5.913846278067783e-7,-6.173141125696284e-7,-6.173141125696284e-7,-1.3405178469271604e-6,-1.3405178469271604e-6,0.99272746,0.99406415,8.8475645e-9,0.99272746,-1.071021e-8,0.99406415,5.1064177e-7,-6.173141e-7
129,-5.3728321456402187e-8,5.3728321456402187e-8,-2.7014537353540682e-8,-2.7014537353540682e-8,-7.781483508130007e-7,-7.781483508130007e-7,-1.5013520851705326e-6,-1.5013520851705326e-6,0.99316067,0.99432504,-9.313226e-10,0.99316067,-1.3504177e-8,0.99432504,-5.3728318e-8,-7.781483e-7
130,8.056262949836307e-8,-8.056262949836307e-8,-1.6130548830830593e-7,-1.6130548830830593e-7,-3.4876087381888736e-7,-3.4876087381888736e-7,-1.0719646081764194e-6,-1.0719646081764194e-6,0.99352866,0.9945082,1.3969839e-9,0.99352866,-6.0535967e-9,0.9945082,8.056263e-8,-3.4876086e-7
131,-1.073866834320309e-7,1.073866834320309e-7,2.664382462208803e-8,2.664382462208803e-8,5.632827987520514e-7,5.632827987520514e-7,-1.5992093560548061e-7,-1.5992093560548061e-7,0.9938076,0.994685,-1.8626451e-9,0.9938076,9.778887e-9,0.994685,-1.07386676e-7,5.6328275e-7
132,4.5630084726434604e-7,-4.5630084726434604e-7,-5.370437060742889e-7,-5.370437060742889e-7,-5.094724444293048e-7,-5.094724444293048e-7,-1.2326761787868367e-6,-1.2326761787868367e-6,0.99400926,0.9950059,7.916242e-9,0.99400926,-8.8475645e-9,0.9950059,4.5630082e-7,-5.0947244e-7
133,3.220561733801961e-7,-3.220561733801961e-7,-4.0279903219013895e-7,-4.0279903219013895e-7,-7.638471011877685e-7,-7.638471011877685e-7,-1.4870508355453005e-6,-1.4870508355453005e-6,0.99412817,0.9954769,5.5879354e-9,0.99412817,-1.3271347e-8,0.9954769,3.2205617e-7,-7.638471e-7
134,2.6837046499541617e-8,-2.6837046499541617e-8,-1.0757990530948449e-7,-1.0757990530948449e-7,-1.2191048791832193e-6,-1.2191048791832193e-6,-1.942308613540751e-6,-1.942308613540751e-6,0.99416405,0.9957793,4.656613e-10,0.99416405,-2.1187589e-8,0.9957793,2.6837045e-8,-0.0000012191048
135,1.6101542808246584e-7,-1.6101542808246584e-7,-2.417582868924087e-7,-2.417582868924087e-7,3.3493121139738513e-7,3.3493121139738513e-7,-3.8827252296014685e-7,-3.8827252296014685e-7,0.99420637,0.99574274,2.7939677e-9,0.99420637,5.820766e-9,0.99574274,1.6101542e-7,3.349312e-7
136,2.9515649221731243e-7,-2.9515649221731243e-7,-3.758993510272553e-7,-3.758993510272553e-7,-5.35971197591262e-7,-5.35971197591262e-7,-1.259174931948794e-6,-1.259174931948794e-6,0.9943359,0.99559176,5.122274e-9,0.9943359,-9.313226e-9,0.99559176,2.9515647e-7,-5.359712e-7
137,-1.0731720739556901e-7,1.0731720739556901e-7,2.657434858562614e-8,2.657434858562614e-8,-2.1441795896173634e-7,-2.1441795896173634e-7,-9.376216933192683e-7,-9.376216933192683e-7,0.994451,0.99545497,-1.8626451e-9,0.994451,-3.7252903e-9,0.99545497,-1.073172e-7,-2.1441795e-7
138,3.219427929669113e-7,-3.219427929669113e-7,-4.0268565177685416e-7,-4.0268565177685416e-7,-4.959102030454201e-7,-4.959102030454201e-7,-1.2191139374029522e-6,-1.2191139374029522e-6,0.9944783,0.9953171,5.5879354e-9,0.9944783,-8.614734e-9,0.9953171,3.2194276e-7,-4.959102e-7
139,4.0242736529228186e-7,-4.0242736529228186e-7,-4.831702241022247e-7,-4.831702241022247e-7,-1.628911665669683e-6,-1.628911665669683e-6,-2.352115400027215e-6,-2.352115400027215e-6,0.9944811,0.99504226,6.9849193e-9,0.9944811,-2.8288923e-8,0.99504226,4.0242733e-7,-0.0000016289116
140,-3.487541310429626e-7,3.487541310429626e-7,2.6801127223301975e-7,2.6801127223301975e-7,-1.4219849816491662e-6,-1.4219849816491662e-6,-2.1451887160066983e-6,-2.1451887160066983e-6,0.9945274,0.99442863,-6.0535967e-9,0.9945274,-2.4680048e-8,0.99442863,-3.487541e-7,-0.0000014219848
141,2.682494766953333e-8,-2.682494766953333e-8,-1.075678064794762e-7,-1.075678064794762e-7,9.398626612589525e-7,9.398626612589525e-7,2.1665892690142057e-7,2.1665892690142057e-7,0.99461246,0.99356526,4.656613e-10,0.99461246,1.6298145e-8,0.99356526,2.6824946e-8,9.398626e-7
142,5.364655575665112e-8,-5.364655575665112e-8,-1.34389414566594e-7,-1.34389414566594e-7,-9.138754430675246e-7,-9.138754430675246e-7,-1.6370791774250565e-6,-1.6370791774250565e-6,0.9946744,0.99262375,9.313226e-10,0.9946744,-1.5832484e-8,0.99262375,5.3646552e-8,-9.138754e-7
143,1.8776066151001765e-7,-1.8776066151001765e-7,-2.685035203199605e-7,-2.685035203199605e-7,4.842702889110119e-7,4.842702889110119e-7,-2.3893344544652013e-7,-2.3893344544652013e-7,0.9946864,0.9916935,3.259629e-9,0.9946864,8.381903e-9,0.9916935,1.8776065e-7,4.842703e-7
144,2.6823697711543514e-8,-2.6823697711543514e-8,-1.0756655652148639e-7,-1.0756655652148639e-7,-1.023247848564943e-6,-1.023247848564943e-6,-1.7464515829224748e-6,-1.7464515829224748e-6,0.9946588,0.9908218,4.656613e-10,0.9946588,-1.7695129e-8,0.9908218,2.6823697e-8,-0.0000010232478
145,-8.04758703277621e-8,8.04758703277621e-8,-2.669884821807657e-10,-2.669884821807657e-10,3.5037372037563876e-7,3.5037372037563876e-7,-3.728300139818932e-7,-3.728300139818932e-7,0.9945997,0.9899303,-1.3969839e-9,0.9945997,6.0535967e-9,0.9899303,-8.0475864e-8,3.503737e-7
146,1.8779286144561278e-7,-1.8779286144561278e-7,-2.6853572025555564e-7,-2.6853572025555564e-7,-3.4530405870223563e-6,-3.4530405870223563e-6,-4.1762443213798884e-6,-4.1762443213798884e-6,0.9945159,0.9890108,3.259629e-9,0.9945159,-5.9604645e-8,0.9890108,1.8779285e-7,-0.0000034530403
147,2.683028909306538e-7,-2.683028909306538e-7,-3.4904574974059664e-7,-3.4904574974059664e-7,-8.640070936614215e-7,-8.640070936614215e-7,-1.5872108280189533e-6,-1.5872108280189533e-6,0.9944144,0.9881558,4.656613e-9,0.9944144,-1.4901161e-8,0.9881558,2.6830287e-7,-8.6400706e-7
148,-2.683340158387666e-8,2.683340158387666e-8,-5.390945722606621e-8,-5.390945722606621e-8,5.944356957460502e-7,5.944356957460502e-7,-1.287680386114818e-7,-1.287680386114818e-7,0.99429905,0.9874397,-4.656613e-10,0.99429905,1.0244548e-8,0.9874397,-2.68334e-8,5.944357e-7
149,5.367377494361509e-8,-5.367377494361509e-8,-1.3441663375355796e-7,-1.3441663375355796e-7,4.865998289374656e-7,4.865998289374656e-7,-2.3660390542006637e-7,-2.3660390542006637e-7,0.9941699,0.98694587,9.313226e-10,0.9941699,8.381903e-9,0.98694587,5.3673773e-8,4.865998e-7
150,-8.05222491761272e-8,8.05222491761272e-8,-2.2060963381566664e-10,-2.2060963381566664e-10,-1.8386685853568282e-6,-1.8386685853568282e-6,-2.56187231971436e-6,-2.56187231971436e-6,0.99402684,0.9867298,-1.3969839e-9,0.99402684,-3.1664968e-8,0.9867298,-8.052224e-8,-0.0000018386685
151,5.368987491141265e-8,-5.368987491141265e-8,-1.3443273372135553e-7,-1.3443273372135553e-7,2.1630000766672684e-7,2.1630000766672684e-7,-5.069037266908052e-7,-5.069037266908052e-7,0.99387175,0.98679334,9.313226e-10,0.99387175,3.7252903e-9,0.98679334,5.368987e-8,2.163e-7
152,-2.684942203780719e-8,2.684942203780719e-8,-5.389343677213568e-8,-5.389343677213568e-8,-2.054266224772138e-6,-2.054266224772138e-6,-2.7774699591296702e-6,-2.7774699591296702e-6,0.99370575,0.98707384,-4.656613e-10,0.99370575,-3.5390258e-8,0.98707384,-2.684942e-8,-0.0000020542661
153,1.8798009433860117e-7,-1.8798009433860117e-7,-2.6872295314854407e-7,-2.6872295314854407e-7,-1.0268236062489065e-6,-1.0268236062489065e-6,-1.7500273406064386e-6,-1.7500273406064386e-6,0.9935253,0.9873714,3.259629e-9,0.9935253,-1.7695129e-8,0.9873714,1.8798008e-7,-0.0000010268235
154,2.41738084009072e-7,-2.41738084009072e-7,-3.224809428190149e-7,-3.224809428190149e-7,8.646027988310409e-7,8.646027988310409e-7,1.4139906447350892e-7,1.4139906447350892e-7,0.9933224,0.98747504,4.1909516e-9,0.9933224,1.4901161e-8,0.98747504,2.4173806e-7,8.646027e-7
155,1.3433054886054946e-7,-1.3433054886054946e-7,-2.1507340767049233e-7,-2.1507340767049233e-7,-6.485342337673748e-7,-6.485342337673748e-7,-1.3717379681249069e-6,-1.3717379681249069e-6,0.9930886,0.9873499,2.3283064e-9,0.9930886,-1.1175871e-8,0.9873499,1.3433055e-7,-6.485342e-7
156,1.8811419924619038e-7,-1.8811419924619038e-7,-2.6885705805613325e-7,-2.6885705805613325e-7,-1.189284710934066e-6,-1.189284710934066e-6,-1.912488445291598e-6,-1.912488445291598e-6,0.99281704,0.9870965,3.259629e-9,0.99281704,-2.0489097e-8,0.9870965,1.8811419e-7,-0.0000011892846
157,2.6882413931518013e-8,-2.6882413931518013e-8,-1.0762527274146088e-7,-1.0762527274146088e-7,-1.0814558922346554e-7,-1.0814558922346554e-7,-8.313493235809975e-7,-8.313493235809975e-7,0.9924863,0.9868337,4.656613e-10,0.9924863,-1.8626451e-9,0.9868337,2.6882413e-8,-1.08145585e-7
158,-5.378786780114854e-8,5.378786780114854e-8,-2.6954991008794325e-8,-2.6954991008794325e-8,5.949001585072937e-7,5.949001585072937e-7,-1.2830357585023828e-7,-1.2830357585023828e-7,0.9920611,0.9866687,-9.313226e-10,0.9920611,1.0244548e-8,0.9866687,-5.3787865e-8,5.9490014e-7
159,5.3813560321865406e-8,-5.3813560321865406e-8,-1.3455641913180827e-7,-1.3455641913180827e-7,1.0816566488461494e-7,1.0816566488461494e-7,-6.150380694729171e-7,-6.150380694729171e-7,0.99158746,0.98665047,9.313226e-10,0.99158746,1.8626451e-9,0.98665047,5.3813558e-8,1.0816566e-7
160,1.3458695245675034e-7,-1.3458695245675034e-7,-2.153298112666932e-7,-2.153298112666932e-7,-2.163039769989693e-7,-2.163039769989693e-7,-9.395077113565013e-7,-9.395077113565013e-7,0.99119663,0.9867752,2.3283064e-9,0.99119663,-3.7252903e-9,0.9867752,1.3458694e-7,-2.1630396e-7
161,-8.077744416154911e-8,8.077744416154911e-8,3.458535160623849e-11,3.458535160623849e-11,0.0,0.0,-7.23203734357532e-7,-7.23203734357532e-7,0.9908865,0.9870587,-1.3969839e-9,0.9908865,0.0,0.9870587,-8.077744e-8,0.0
162,1.6161576413970144e-7,-1.6161576413970144e-7,-2.423586229496443e-7,-2.423586229496443e-7,4.323146814118702e-7,4.323146814118702e-7,-2.9088905294566176e-7,-2.9088905294566176e-7,0.99051327,0.98744464,2.7939677e-9,0.99051327,7.450581e-9,0.98744464,1.6161576e-7,4.3231466e-7
163,2.6949793982444816e-8,-2.6949793982444816e-8,-1.0769265279238768e-7,-1.0769265279238768e-7,-2.1607607117271436e-7,-2.1607607117271436e-7,-9.392798055302464e-7,-9.392798055302464e-7,0.99000484,0.98781604,4.656613e-10,0.99000484,-3.7252903e-9,0.98781604,2.6949792e-8,-2.1607606e-7
164,-8.089591982343363e-8,8.089591982343363e-8,1.5306101349075765e-10,1.5306101349075765e-10,1.5120855666651613e-6,1.5120855666651613e-6,7.888818323076293e-7,7.888818323076293e-7,0.9894353,0.98810804,-1.3969839e-9,0.9894353,2.6077032e-8,0.98810804,-8.0895916e-8,0.0000015120855
165,5.395697789356196e-8,-5.395697789356196e-8,-1.3469983670350482e-7,-1.3469983670350482e-7,2.159657186474863e-7,2.159657186474863e-7,-5.072380157100456e-7,-5.072380157100456e-7,0.9889518,0.98832077,9.313226e-10,0.9889518,3.7252903e-9,0.98832077,5.3956974e-8,2.1596571e-7
166,-1.079508502214289e-7,1.079508502214289e-7,2.7207991411486033e-8,2.7207991411486033e-8,-1.241574658341323e-6,-1.241574658341323e-6,-1.964778392698855e-6,-1.964778392698855e-6,0.98861384,0.9885025,-1.8626451e-9,0.98861384,-2.142042e-8,0.9885025,-1.0795085e-7,-0.0000012415746
167,2.4294450656640735e-7,-2.4294450656640735e-7,-3.236873653763502e-7,-3.236873653763502e-7,3.2381232300867557e-7,3.2381232300867557e-7,-3.993914113488564e-7,-3.993914113488564e-7,0.9883897,0.9887367,4.1909516e-9,0.9883897,5.5879354e-9,0.9887367,2.4294448e-7,3.2381232e-7
168,2.159784663106496e-7,-2.159784663106496e-7,-2.9672132512059247e-7,-2.9672132512059247e-7,9.171922781559795e-7,9.171922781559795e-7,1.9398854379844747e-7,1.9398854379844747e-7,0.9882625,0.9890342,3.7252903e-9,0.9882625,1.5832484e-8,0.9890342,2.1597846e-7,9.171922e-7
169,-1.0799152315469545e-7,1.0799152315469545e-7,2.724866434475258e-8,2.724866434475258e-8,-1.0787683235288187e-7,-1.0787683235288187e-7,-8.310805667104138e-7,-8.310805667104138e-7,0.98824155,0.98929214,-1.8626451e-9,0.98824155,-1.8626451e-9,0.98929214,-1.0799152e-7,-1.0787683e-7
170,2.96944472837044e-7,-2.96944472837044e-7,-3.7768733164698684e-7,-3.7768733164698684e-7,8.628648419753394e-7,8.628648419753394e-7,1.3966110761780737e-7,1.3966110761780737e-7,0.9883487,0.9894639,5.122274e-9,0.9883487,1.4901161e-8,0.9894639,2.9694445e-7,8.628648e-7
171,2.6990349235188158e-8,-2.6990349235188158e-8,-1.0773320804513103e-7,-1.0773320804513103e-7,-1.4558164145737064e-6,-1.4558164145737064e-6,-2.1790201489312382e-6,-2.1790201489312382e-6,0.9885173,0.9896461,4.656613e-10,0.9885173,-2.514571e-8,0.9896461,2.6990348e-8,-0.0000014558163
172,-1.8891852335847635e-7,1.8891852335847635e-7,1.0817566454853348e-7,1.0817566454853348e-7,1.1859070127512267e-6,1.1859070127512267e-6,4.6270327839369473e-7,4.6270327839369473e-7,0.9885901,0.9899079,-3.259629e-9,0.9885901,2.0489097e-8,0.9899079,-1.8891852e-7,0.000001185907
173,-1.0796327982912406e-7,1.0796327982912406e-7,2.7220421019181187e-8,2.7220421019181187e-8,4.850003915992512e-7,4.850003915992512e-7,-2.3820334275828078e-7,-2.3820334275828078e-7,0.98850006,0.99020064,-1.8626451e-9,0.98850006,8.381903e-9,0.99020064,-1.07963274e-7,4.850004e-7
174,-1.3498712984677207e-7,1.3498712984677207e-7,5.42442710368292e-8,5.42442710368292e-8,1.0775369399783434e-7,1.0775369399783434e-7,-6.154500403596976e-7,-6.154500403596976e-7,0.9882582,0.99042267,-2.3283064e-9,0.9882582,1.8626451e-9,0.99042267,-1.3498712e-7,1.07753685e-7
175,-2.1606627506429545e-7,2.1606627506429545e-7,1.3532341625435259e-7,1.3532341625435259e-7,-9.696286837452085e-7,-9.696286837452085e-7,-1.6928324181027406e-6,-1.6928324181027406e-6,0.9878608,0.9905806,-3.7252903e-9,0.9878608,-1.6763806e-8,0.9905806,-2.1606627e-7,-9.696287e-7
176,4.323574280667891e-7,-4.323574280667891e-7,-5.13100286876732e-7,-5.13100286876732e-7,2.1542632201794753e-7,2.1542632201794753e-7,-5.077774123395844e-7,-5.077774123395844e-7,0.987347,0.9907954,7.450581e-9,0.987347,3.7252903e-9,0.9907954,4.323574e-7,2.1542631e-7
177,-3.7852470808352254e-7,3.7852470808352254e-7,2.9778184927357967e-7,2.9778184927357967e-7,6.460659197790595e-7,6.460659197790595e-7,-7.71378145784725e-8,-7.71378145784725e-8,0.9867942,0.9911221,-6.519258e-9,0.9867942,1.1175871e-8,0.9911221,-3.7852467e-7,6.4606587e-7
178,-3.7874762680003696e-7,3.7874762680003696e-7,2.980047679900941e-7,2.980047679900941e-7,-3.2291250592263334e-7,-3.2291250592263334e-7,-1.0461162402801653e-6,-1.0461162402801653e-6,0.9862134,0.99149185,-6.519258e-9,0.9862134,-5.5879354e-9,0.99149185,-3.7874761e-7,-3.2291248e-7
179,0.0,-0.0,-8.074285880994287e-8,-8.074285880994287e-8,1.6140711975259742e-7,1.6140711975259742e-7,-5.617966146049346e-7,-5.617966146049346e-7,0.9855538,0.9917937,0.0,0.9855538,2.7939677e-9,0.9917937,0.0,1.6140712e-7
180,-3.792683981013611e-7,3.792683981013611e-7,2.985255392914182e-7,2.985255392914182e-7,-9.144645326834066e-7,-9.144645326834066e-7,-1.6376682670409386e-6,-1.6376682670409386e-6,0.9848592,0.9919843,-6.519258e-9,0.9848592,-1.5832484e-8,0.9919843,-3.7926839e-7,-9.1446447e-7
181,-1.6263817252538597e-7,1.6263817252538597e-7,8.18953137154431e-8,8.18953137154431e-8,-7.530246150509339e-7,-7.530246150509339e-7,-1.4762283494084657e-6,-1.4762283494084657e-6,0.9842865,0.9920684,-2.7939677e-9,0.9842865,-1.3038516e-8,0.9920684,-1.6263816e-7,-7.5302455e-7
182,3.5252242678512315e-7,-3.5252242678512315e-7,-4.33265285595066e-7,-4.33265285595066e-7,1.0757674065757644e-6,1.0757674065757644e-6,3.525636722182324e-7,3.525636722182324e-7,0.9838964,0.99205184,6.0535967e-9,0.9838964,1.8626451e-8,0.99205184,3.5252242e-7,0.0000010757674
183,-6.238508903287221e-7,6.238508903287221e-7,5.431080315187793e-7,5.431080315187793e-7,1.0758946287630228e-7,1.0758946287630228e-7,-6.156142714812297e-7,-6.156142714812297e-7,0.9836482,0.9919346,-1.071021e-8,0.9836482,1.8626451e-9,0.9919346,-6.2385084e-7,1.0758946e-7
184,-1.0851057695649157e-7,1.0851057695649157e-7,2.77677181465487e-8,2.77677181465487e-8,-1.0760807802674196e-6,-1.0760807802674196e-6,-1.7992845146249517e-6,-1.7992845146249517e-6,0.9835143,0.99176294,-1.8626451e-9,0.9835143,-1.8626451e-8,0.99176294,-1.0851057e-7,-0.0000010760807
185,2.712853861109932e-7,-2.712853861109932e-7,-3.520282449209361e-7,-3.520282449209361e-7,1.0224041110190444e-6,1.0224041110190444e-6,2.992003766615124e-7,2.992003766615124e-7,0.9834819,0.99163944,4.656613e-9,0.9834819,1.7695129e-8,0.99163944,2.7128536e-7,0.000001022404
186,8.138498735569291e-8,-8.138498735569291e-8,-1.6212784616563576e-7,-1.6212784616563576e-7,1.0762474158882909e-7,1.0762474158882909e-7,-6.155789927687028e-7,-6.155789927687028e-7,0.98348945,0.9916094,1.3969839e-9,0.98348945,1.8626451e-9,0.9916094,8.138498e-8,1.07624736e-7
187,1.3564371083299467e-7,-1.3564371083299467e-7,-2.1638656964293754e-7,-2.1638656964293754e-7,9.147608077130942e-7,9.147608077130942e-7,1.9155707335556222e-7,1.9155707335556222e-7,0.9834745,0.99166304,2.3283064e-9,0.9834745,1.5832484e-8,0.99166304,1.356437e-7,9.1476073e-7
188,2.712998512736845e-8,-2.712998512736845e-8,-1.0787284393731132e-7,-1.0787284393731132e-7,-5.91858276009942e-7,-5.91858276009942e-7,-1.315062010367474e-6,-1.315062010367474e-6,0.98342943,0.99173975,4.656613e-10,0.98342943,-1.0244548e-8,0.99173975,2.7129984e-8,-5.918582e-7
189,2.170571577919773e-7,-2.170571577919773e-7,-2.978000166019202e-7,-2.978000166019202e-7,-1.3450753018968856e-6,-1.3450753018968856e-6,-2.0682790362544177e-6,-2.0682790362544177e-6,0.98335123,0.9917819,3.7252903e-9,0.98335123,-2.3283064e-8,0.9917819,2.1705715e-7,-0.0000013450752
190,-2.7133721643008236e-7,2.7133721643008236e-7,1.905943576201395e-7,1.905943576201395e-7,1.2911935504826497e-6,1.2911935504826497e-6,5.679898161251177e-7,5.679898161251177e-7,0.983294,0.9918424,-4.656613e-9,0.983294,2.2351742e-8,0.9918424,-2.713372e-7,0.0000012911935
191,-8.140019676817967e-8,8.140019676817967e-8,6.573379582368014e-10,6.573379582368014e-10,2.1518126664085013e-7,2.1518126664085013e-7,-5.080224677166819e-7,-5.080224677166819e-7,0.9833057,0.99192375,-1.3969839e-9,0.9833057,3.7252903e-9,0.99192375,-8.1400195e-8,2.1518126e-7
192,2.170518399045499e-7,-2.170518399045499e-7,-2.977946987144928e-7,-2.977946987144928e-7,-3.7656810717679855e-7,-3.7656810717679855e-7,-1.0997718415343305e-6,-1.0997718415343305e-6,0.9833753,0.9919214,3.7252903e-9,0.9833753,-6.519258e-9,0.9919214,2.1705183e-7,-3.765681e-7
193,-8.138417313369445e-8,8.138417313369445e-8,6.413143237515829e-10,6.413143237515829e-10,-1.506403111337946e-6,-1.506403111337946e-6,-2.229606845695478e-6,-2.229606845695478e-6,0.9834993,0.99183536,-1.3969839e-9,0.9834993,-2.6077032e-8,0.99183536,-8.1384165e-8,-0.000001506403
194,-4.6109264550300154e-7,4.6109264550300154e-7,3.8034978669305867e-7,3.8034978669305867e-7,1.0222690519450508e-6,1.0222690519450508e-6,2.990653175875188e-7,2.990653175875188e-7,0.9836792,0.99177045,-7.916242e-9,0.9836792,1.7695129e-8,0.99177045,-4.610926e-7,0.000001022269
195,1.3558218618323646e-7,-1.3558218618323646e-7,-2.1632504499317932e-7,-2.1632504499317932e-7,-6.994422937766296e-7,-6.994422937766296e-7,-1.4226460281341616e-6,-1.4226460281341616e-6,0.9839208,0.9917774,2.3283064e-9,0.9839208,-1.21071935e-8,0.9917774,1.3558218e-7,-6.9944224e-7
196,-1.0843110125611117e-7,1.0843110125611117e-7,2.76882424461683e-8,2.76882424461683e-8,-4.3041443993410175e-7,-4.3041443993410175e-7,-1.1536181742916338e-6,-1.1536181742916338e-6,0.98423517,0.9918041,-1.8626451e-9,0.98423517,-7.450581e-9,0.9918041,-1.08431095e-7,-4.3041442e-7
197,1.0839251476671565e-7,-1.0839251476671565e-7,-1.891353735766585e-7,-1.891353735766585e-7,-4.304157630448492e-7,-4.304157630448492e-7,-1.1536194974023813e-6,-1.1536194974023813e-6,0.9845856,0.9918011,1.8626451e-9,0.9845856,-7.450581e-9,0.9918011,1.08392506e-7,-4.3041575e-7
198,-2.438097446619527e-7,2.438097446619527e-7,1.6306688585200982e-7,1.6306688585200982e-7,-5.380056839210257e-7,-5.380056839210257e-7,-1.2612094182785578e-6,-1.2612094182785578e-6,0.984882,0.9918269,-4.1909516e-9,0.984882,-9.313226e-9,0.9918269,-2.4380972e-7,-5.380057e-7
199,-2.7084465028767345e-8,2.7084465028767345e-8,-5.3658393781175526e-8,-5.3658393781175526e-8,5.379728860411504e-8,5.379728860411504e-8,-6.694064457534169e-7,-6.694064457534169e-7,0.9850823,0.99188745,-4.656613e-10,0.9850823,9.313226e-10,0.99188745,-2.7084463e-8,5.3797287e-8
200,4.874615811450801e-7,-4.874615811450801e-7,-5.682044399550229e-7,-5.682044399550229e-7,-2.6898813507566576e-7,-2.6898813507566576e-7,-9.921918694331977e-7,-9.921918694331977e-7,0.98520106,0.99188113,8.381903e-9,0.98520106,-4.656613e-9,0.99188113,4.8746153e-7,-2.6898812e-7
201,-1.0831895489804276e-7,1.0831895489804276e-7,2.7576096088099896e-8,2.7576096088099896e-8,6.994209204491701e-7,6.994209204491701e-7,-2.3782813908361844e-8,-2.3782813908361844e-8,0.98525417,0.99180776,-1.8626451e-9,0.98525417,1.21071935e-8,0.99180776,-1.0831895e-7,6.9942087e-7
202,5.41596619211929e-8,-5.41596619211929e-8,-1.3490252073113576e-7,-1.3490252073113576e-7,7.532462361011382e-7,7.532462361011382e-7,3.0042501743606244e-8,3.0042501743606244e-8,0.9852509,0.9917765,9.313226e-10,0.9852509,1.3038516e-8,0.9917765,5.415966e-8,7.532462e-7
203,4.061987652558115e-7,-4.061987652558115e-7,-4.869416240657544e-7,-4.869416240657544e-7,1.614072088081285e-7,1.614072088081285e-7,-5.617965255494034e-7,-5.617965255494034e-7,0.9852477,0.99179316,6.9849193e-9,0.9852477,2.7939677e-9,0.99179316,4.0619875e-7,1.614072e-7
204,1.0831419678823929e-7,-1.0831419678823929e-7,-1.8905705559818217e-7,-1.8905705559818217e-7,-1.0761000925954454e-7,-1.0761000925954454e-7,-8.308137436170766e-7,-8.308137436170766e-7,0.98529744,0.9917452,1.8626451e-9,0.98529744,-1.8626451e-9,0.9917452,1.0831419e-7,-1.07610006e-7
205,1.8954210290932408e-7,-1.8954210290932408e-7,-2.70284961719267e-7,-2.70284961719267e-7,-5.919256019914392e-7,-5.919256019914392e-7,-1.3151293363489712e-6,-1.3151293363489712e-6,0.98533773,0.9916269,3.259629e-9,0.98533773,-1.0244548e-8,0.9916269,1.8954209e-7,-5.919256e-7
206,4.3323108827113096e-7,-4.3323108827113096e-7,-5.139739470810739e-7,-5.139739470810739e-7,-7.534122356110733e-7,-7.534122356110733e-7,-1.4766159699686052e-6,-1.4766159699686052e-6,0.985356,0.991558,7.450581e-9,0.985356,-1.3038516e-8,0.991558,4.3323107e-7,-7.5341217e-7
207,1.3537112457457453e-7,-1.3537112457457453e-7,-2.161139833845174e-7,-2.161139833845174e-7,-1.0763137495367275e-6,-1.0763137495367275e-6,-1.7995174838942596e-6,-1.7995174838942596e-6,0.98545486,0.9915483,2.3283064e-9,0.98545486,-1.8626451e-8,0.9915483,1.3537112e-7,-0.0000010763137
208,4.060369640780561e-7,-4.060369640780561e-7,-4.86779822887999e-7,-4.86779822887999e-7,-2.690792007173054e-7,-2.690792007173054e-7,-9.922829350748373e-7,-9.922829350748373e-7,0.9856403,0.9915455,6.9849193e-9,0.9856403,-4.656613e-9,0.9915455,4.0603695e-7,-2.6907918e-7
209,0.0,-0.0,-8.074285880994287e-8,-8.074285880994287e-8,1.0762489425545379e-7,1.0762489425545379e-7,-6.155788401020781e-7,-6.155788401020781e-7,0.98581624,0.991608,0.0,0.98581624,1.8626451e-9,0.991608,0.0,1.07624885e-7
210,3.5179252765238346e-7,-3.5179252765238346e-7,-4.3253538646232633e-7,-4.3253538646232633e-7,-8.608796669653571e-7,-8.608796669653571e-7,-1.584083401322889e-6,-1.584083401322889e-6,0.9859378,0.9917456,6.0535967e-9,0.9859378,-1.4901161e-8,0.9917456,3.5179252e-7,-8.608796e-7
211,1.0823665486510521e-7,-1.0823665486510521e-7,-1.8897951367504806e-7,-1.8897951367504806e-7,6.455817630232283e-7,6.455817630232283e-7,-7.762197133430366e-8,-7.762197133430366e-8,0.98600334,0.99186546,1.8626451e-9,0.98600334,1.1175871e-8,0.99186546,1.0823665e-7,6.4558174e-7
212,5.411536315558948e-8,-5.411536315558948e-8,-1.3485822196553236e-7,-1.3485822196553236e-7,5.379502404918184e-8,5.379502404918184e-8,-6.694087103083501e-7,-6.694087103083501e-7,0.98605734,0.9919291,9.313226e-10,0.98605734,9.313226e-10,0.9919291,5.411536e-8,5.379502e-8
213,-2.4349649819248467e-7,2.4349649819248467e-7,1.627536393825418e-7,1.627536393825418e-7,1.6138156081517718e-7,1.6138156081517718e-7,-5.618221735423548e-7,-5.618221735423548e-7,0.986149,0.99195075,-4.1909516e-9,0.986149,2.7939677e-9,0.99195075,-2.434965e-7,1.6138155e-7
214,-2.705150812115802e-7,2.705150812115802e-7,1.8977222240163735e-7,1.8977222240163735e-7,-1.2910657176288924e-6,-1.2910657176288924e-6,-2.0142694519864243e-6,-2.0142694519864243e-6,0.9862824,0.99194056,-4.656613e-9,0.9862824,-2.2351742e-8,0.99194056,-2.7051507e-7,-0.0000012910657
215,0.0,-0.0,-8.074285880994287e-8,-8.074285880994287e-8,1.0759277065317101e-7,1.0759277065317101e-7,-6.15610963704361e-7,-6.15610963704361e-7,0.98646456,0.9919041,0.0,0.98646456,1.8626451e-9,0.9919041,0.0,1.0759276e-7
216,-1.3520763134172857e-7,1.3520763134172857e-7,5.4464772531785706e-8,5.4464772531785706e-8,1.6139792158845862e-7,1.6139792158845862e-7,-5.618058127690734e-7,-5.618058127690734e-7,0.9866465,0.9918502,-2.3283064e-9,0.9866465,2.7939677e-9,0.9918502,-1.3520763e-7,1.613979e-7
217,-1.6222692680507272e-7,1.6222692680507272e-7,8.148406799512985e-8,8.148406799512985e-8,6.456301074543865e-7,6.456301074543865e-7,-7.757362690314544e-8,-7.757362690314544e-8,0.98678166,0.9917911,-2.7939677e-9,0.98678166,1.1175871e-8,0.9917911,-1.6222691e-7,6.4563005e-7
218,1.8923529388253137e-7,-1.8923529388253137e-7,-2.699781526924742e-7,-2.699781526924742e-7,-5.38055555018431e-7,-5.38055555018431e-7,-1.261259289375963e-6,-1.261259289375963e-6,0.98693526,0.991735,3.259629e-9,0.98693526,-9.313226e-9,0.991735,1.8923528e-7,-5.3805553e-7
219,5.405445553343946e-8,-5.405445553343946e-8,-1.3479731434338233e-7,-1.3479731434338233e-7,-1.6142505808100086e-7,-1.6142505808100086e-7,-8.846287924385329e-7,-8.846287924385329e-7,0.9871685,0.9916835,9.313226e-10,0.9871685,-2.7939677e-9,0.9916835,5.4054453e-8,-1.6142505e-7
220,8.105498572416298e-8,-8.105498572416298e-8,-1.6179784453410583e-7,-1.6179784453410583e-7,-5.381099043368278e-8,-5.381099043368278e-8,-7.770147247912147e-7,-7.770147247912147e-7,0.9874936,0.9916348,1.3969839e-9,0.9874936,-9.313226e-10,0.9916348,8.105498e-8,-5.3810986e-8
221,8.102781742607392e-8,-8.102781742607392e-8,-1.617706762360168e-7,-1.617706762360168e-7,-2.367805610604061e-6,-2.367805610604061e-6,-3.091009344961593e-6,-3.091009344961593e-6,0.9878247,0.9915837,1.3969839e-9,0.9878247,-4.0978193e-8,0.9915837,8.1027814e-8,-0.0000023678056
222,-3.5106837896250786e-7,3.5106837896250786e-7,2.70325520152565e-7,2.70325520152565e-7,1.1839771030593894e-6,1.1839771030593894e-6,4.607733687018574e-7,4.607733687018574e-7,0.9879715,0.99152154,-6.0535967e-9,0.9879715,2.0489097e-8,0.99152154,-3.5106837e-7,0.000001183977
223,-5.401241496165987e-8,5.401241496165987e-8,-2.6730443848282997e-8,-2.6730443848282997e-8,-5.920354710723557e-7,-5.920354710723557e-7,-1.3152392054298878e-6,-1.3152392054298878e-6,0.9879368,0.9914429,-9.313226e-10,0.9879368,-1.0244548e-8,0.9914429,-5.401241e-8,-5.9203546e-7
224,-1.350492015519355e-7,1.350492015519355e-7,5.4306342741992636e-8,5.4306342741992636e-8,-2.15308056272672e-7,-2.15308056272672e-7,-9.385117906302039e-7,-9.385117906302039e-7,0.98780394,0.9913396,-2.3283064e-9,0.98780394,-3.7252903e-9,0.9913396,-1.3504919e-7,-2.1530805e-7
225,-1.6210004811771978e-7,1.6210004811771978e-7,8.135718930777691e-8,8.135718930777691e-8,-6.460149800152812e-7,-6.460149800152812e-7,-1.3692187143728132e-6,-1.3692187143728132e-6,0.9875541,0.99120027,-2.7939677e-9,0.9875541,-1.1175871e-8,0.99120027,-1.6210004e-7,-6.4601494e-7
226,1.6214681499375604e-7,-1.6214681499375604e-7,-2.428896738036989e-7,-2.428896738036989e-7,-4.845991328206378e-7,-4.845991328206378e-7,-1.2078028671781698e-6,-1.2078028671781698e-6,0.9872692,0.9910205,2.7939677e-9,0.9872692,-8.381903e-9,0.9910205,1.621468e-7,-4.845991e-7
227,-5.405995789303839e-8,5.405995789303839e-8,-2.668290091690448e-8,-2.668290091690448e-8,7.001258331443323e-7,7.001258331443323e-7,-2.3077901213199703e-8,-2.3077901213199703e-8,0.987068,0.99080914,-9.313226e-10,0.987068,1.21071935e-8,0.99080914,-5.4059957e-8,7.001258e-7
228,1.892197982201233e-7,-1.892197982201233e-7,-2.699626570300662e-7,-2.699626570300662e-7,-9.696278695232101e-7,-9.696278695232101e-7,-1.692831603880742e-6,-1.692831603880742e-6,0.9870161,0.99058145,3.259629e-9,0.9870161,-1.6763806e-8,0.99058145,1.8921979e-7,-9.696278e-7
229,5.945920263697535e-7,-5.945920263697535e-7,-6.753348851796963e-7,-6.753348851796963e-7,-3.2328834570823253e-7,-3.2328834570823253e-7,-1.0464920800657646e-6,-1.0464920800657646e-6,0.98718005,0.9903392,1.0244548e-8,0.98718005,-5.5879354e-9,0.9903392,5.94592e-7,-3.2328833e-7
230,2.7018119930333887e-7,-2.7018119930333887e-7,-3.5092405811328173e-7,-3.5092405811328173e-7,-5.389302838891458e-7,-5.389302838891458e-7,-1.2621340182466777e-6,-1.2621340182466777e-6,0.98750126,0.99012536,4.656613e-9,0.98750126,-9.313226e-9,0.99012536,2.7018118e-7,-5.3893024e-7
231,-5.67204600785358e-7,5.67204600785358e-7,4.864617419754151e-7,4.864617419754151e-7,-1.3475160341150033e-6,-1.3475160341150033e-6,-2.070719768472535e-6,-2.070719768472535e-6,0.9878075,0.98998547,-9.778887e-9,0.9878075,-2.3283064e-8,0.98998547,-5.6720455e-7,-0.000001347516
232,-1.080149193149323e-7,1.080149193149323e-7,2.7272060504989436e-8,2.7272060504989436e-8,1.617207936886146e-6,1.617207936886146e-6,8.940042025286139e-7,8.940042025286139e-7,0.98802745,0.98986995,-1.8626451e-9,0.98802745,2.7939677e-8,0.98986995,-1.08014916e-7,0.0000016172079
233,8.099884893403514e-8,-8.099884893403514e-8,-1.61741707743978e-7,-1.61741707743978e-7,7.008883520458851e-7,7.008883520458851e-7,-2.2315382311646908e-8,-2.2315382311646908e-8,0.988178,0.98973125,1.3969839e-9,0.988178,1.21071935e-8,0.98973125,8.0998845e-8,7.0088834e-7
234,-1.6198276198328615e-7,1.6198276198328615e-7,8.123990317334328e-8,8.123990317334328e-8,-1.2402392324861076e-6,-1.2402392324861076e-6,-1.9634429668436397e-6,-1.9634429668436397e-6,0.9882691,0.98956686,-2.7939677e-9,0.9882691,-2.142042e-8,0.98956686,-1.6198275e-7,-0.0000012402392
235,-2.1596859386891835e-7,2.1596859386891835e-7,1.3522573505897548e-7,1.3522573505897548e-7,9.168712711330887e-7,9.168712711330887e-7,1.9366753677555673e-7,1.9366753677555673e-7,0.98830765,0.9893804,-3.7252903e-9,0.98830765,1.5832484e-8,0.9893804,-2.1596858e-7,9.168712e-7
236,-2.1597131642372567e-7,2.1597131642372567e-7,1.352284576137828e-7,1.352284576137828e-7,-5.394393761936796e-8,-5.394393761936796e-8,-7.771476719768999e-7,-7.771476719768999e-7,0.98829514,0.9891909,-3.7252903e-9,0.98829514,-9.313226e-10,0.9891909,-2.159713e-7,-5.3943936e-8
